scen,offshore,onshore,pv,battery,methanation,offshore,onshore,pv,battery,methanation
1,143.9889646,84.68328488,20.5668,5.316987546,71.70543182,-25%,-25%,-50%,-50%,-50%
2,143.9889646,84.68328488,20.5668,5.316987546,143.4108636,-25%,-25%,-50%,-50%,central
3,143.9889646,84.68328488,20.5668,5.316987546,215.1162955,-25%,-25%,-50%,-50%,50%
4,143.9889646,84.68328488,20.5668,10.63397509,71.70543182,-25%,-25%,-50%,central,-50%
5,143.9889646,84.68328488,20.5668,10.63397509,143.4108636,-25%,-25%,-50%,central,central
6,143.9889646,84.68328488,20.5668,10.63397509,215.1162955,-25%,-25%,-50%,central,50%
7,143.9889646,84.68328488,20.5668,15.95096264,71.70543182,-25%,-25%,-50%,50%,-50%
8,143.9889646,84.68328488,20.5668,15.95096264,143.4108636,-25%,-25%,-50%,50%,central
9,143.9889646,84.68328488,20.5668,15.95096264,215.1162955,-25%,-25%,-50%,50%,50%
10,143.9889646,84.68328488,29.89909335,5.316987546,71.70543182,-25%,-25%,-25%,-50%,-50%
11,143.9889646,84.68328488,29.89909335,5.316987546,143.4108636,-25%,-25%,-25%,-50%,central
12,143.9889646,84.68328488,29.89909335,5.316987546,215.1162955,-25%,-25%,-25%,-50%,50%
13,143.9889646,84.68328488,29.89909335,10.63397509,71.70543182,-25%,-25%,-25%,central,-50%
14,143.9889646,84.68328488,29.89909335,10.63397509,143.4108636,-25%,-25%,-25%,central,central
15,143.9889646,84.68328488,29.89909335,10.63397509,215.1162955,-25%,-25%,-25%,central,50%
16,143.9889646,84.68328488,29.89909335,15.95096264,71.70543182,-25%,-25%,-25%,50%,-50%
17,143.9889646,84.68328488,29.89909335,15.95096264,143.4108636,-25%,-25%,-25%,50%,central
18,143.9889646,84.68328488,29.89909335,15.95096264,215.1162955,-25%,-25%,-25%,50%,50%
19,143.9889646,84.68328488,39.23139049,5.316987546,71.70543182,-25%,-25%,central,-50%,-50%
20,143.9889646,84.68328488,39.23139049,5.316987546,143.4108636,-25%,-25%,central,-50%,central
21,143.9889646,84.68328488,39.23139049,5.316987546,215.1162955,-25%,-25%,central,-50%,50%
22,143.9889646,84.68328488,39.23139049,10.63397509,71.70543182,-25%,-25%,central,central,-50%
23,143.9889646,84.68328488,39.23139049,10.63397509,143.4108636,-25%,-25%,central,central,central
24,143.9889646,84.68328488,39.23139049,10.63397509,215.1162955,-25%,-25%,central,central,50%
25,143.9889646,84.68328488,39.23139049,15.95096264,71.70543182,-25%,-25%,central,50%,-50%
26,143.9889646,84.68328488,39.23139049,15.95096264,143.4108636,-25%,-25%,central,50%,central
27,143.9889646,84.68328488,39.23139049,15.95096264,215.1162955,-25%,-25%,central,50%,50%
28,143.9889646,84.68328488,48.56368762,5.316987546,71.70543182,-25%,-25%,25%,-50%,-50%
29,143.9889646,84.68328488,48.56368762,5.316987546,143.4108636,-25%,-25%,25%,-50%,central
30,143.9889646,84.68328488,48.56368762,5.316987546,215.1162955,-25%,-25%,25%,-50%,50%
31,143.9889646,84.68328488,48.56368762,10.63397509,71.70543182,-25%,-25%,25%,central,-50%
32,143.9889646,84.68328488,48.56368762,10.63397509,143.4108636,-25%,-25%,25%,central,central
33,143.9889646,84.68328488,48.56368762,10.63397509,215.1162955,-25%,-25%,25%,central,50%
34,143.9889646,84.68328488,48.56368762,15.95096264,71.70543182,-25%,-25%,25%,50%,-50%
35,143.9889646,84.68328488,48.56368762,15.95096264,143.4108636,-25%,-25%,25%,50%,central
36,143.9889646,84.68328488,48.56368762,15.95096264,215.1162955,-25%,-25%,25%,50%,50%
37,143.9889646,84.68328488,57.89598475,5.316987546,71.70543182,-25%,-25%,50%,-50%,-50%
38,143.9889646,84.68328488,57.89598475,5.316987546,143.4108636,-25%,-25%,50%,-50%,central
39,143.9889646,84.68328488,57.89598475,5.316987546,215.1162955,-25%,-25%,50%,-50%,50%
40,143.9889646,84.68328488,57.89598475,10.63397509,71.70543182,-25%,-25%,50%,central,-50%
41,143.9889646,84.68328488,57.89598475,10.63397509,143.4108636,-25%,-25%,50%,central,central
42,143.9889646,84.68328488,57.89598475,10.63397509,215.1162955,-25%,-25%,50%,central,50%
43,143.9889646,84.68328488,57.89598475,15.95096264,71.70543182,-25%,-25%,50%,50%,-50%
44,143.9889646,84.68328488,57.89598475,15.95096264,143.4108636,-25%,-25%,50%,50%,central
45,143.9889646,84.68328488,57.89598475,15.95096264,215.1162955,-25%,-25%,50%,50%,50%
46,191.3995384,84.68328488,20.5668,5.316987546,71.70543182,central,-25%,-50%,-50%,-50%
47,191.3995384,84.68328488,20.5668,5.316987546,143.4108636,central,-25%,-50%,-50%,central
48,191.3995384,84.68328488,20.5668,5.316987546,215.1162955,central,-25%,-50%,-50%,50%
49,191.3995384,84.68328488,20.5668,10.63397509,71.70543182,central,-25%,-50%,central,-50%
50,191.3995384,84.68328488,20.5668,10.63397509,143.4108636,central,-25%,-50%,central,central
51,191.3995384,84.68328488,20.5668,10.63397509,215.1162955,central,-25%,-50%,central,50%
52,191.3995384,84.68328488,20.5668,15.95096264,71.70543182,central,-25%,-50%,50%,-50%
53,191.3995384,84.68328488,20.5668,15.95096264,143.4108636,central,-25%,-50%,50%,central
54,191.3995384,84.68328488,20.5668,15.95096264,215.1162955,central,-25%,-50%,50%,50%
55,191.3995384,84.68328488,29.89909335,5.316987546,71.70543182,central,-25%,-25%,-50%,-50%
56,191.3995384,84.68328488,29.89909335,5.316987546,143.4108636,central,-25%,-25%,-50%,central
57,191.3995384,84.68328488,29.89909335,5.316987546,215.1162955,central,-25%,-25%,-50%,50%
58,191.3995384,84.68328488,29.89909335,10.63397509,71.70543182,central,-25%,-25%,central,-50%
59,191.3995384,84.68328488,29.89909335,10.63397509,143.4108636,central,-25%,-25%,central,central
60,191.3995384,84.68328488,29.89909335,10.63397509,215.1162955,central,-25%,-25%,central,50%
61,191.3995384,84.68328488,29.89909335,15.95096264,71.70543182,central,-25%,-25%,50%,-50%
62,191.3995384,84.68328488,29.89909335,15.95096264,143.4108636,central,-25%,-25%,50%,central
63,191.3995384,84.68328488,29.89909335,15.95096264,215.1162955,central,-25%,-25%,50%,50%
64,191.3995384,84.68328488,39.23139049,5.316987546,71.70543182,central,-25%,central,-50%,-50%
65,191.3995384,84.68328488,39.23139049,5.316987546,143.4108636,central,-25%,central,-50%,central
66,191.3995384,84.68328488,39.23139049,5.316987546,215.1162955,central,-25%,central,-50%,50%
67,191.3995384,84.68328488,39.23139049,10.63397509,71.70543182,central,-25%,central,central,-50%
68,191.3995384,84.68328488,39.23139049,10.63397509,143.4108636,central,-25%,central,central,central
69,191.3995384,84.68328488,39.23139049,10.63397509,215.1162955,central,-25%,central,central,50%
70,191.3995384,84.68328488,39.23139049,15.95096264,71.70543182,central,-25%,central,50%,-50%
71,191.3995384,84.68328488,39.23139049,15.95096264,143.4108636,central,-25%,central,50%,central
72,191.3995384,84.68328488,39.23139049,15.95096264,215.1162955,central,-25%,central,50%,50%
73,191.3995384,84.68328488,48.56368762,5.316987546,71.70543182,central,-25%,25%,-50%,-50%
74,191.3995384,84.68328488,48.56368762,5.316987546,143.4108636,central,-25%,25%,-50%,central
75,191.3995384,84.68328488,48.56368762,5.316987546,215.1162955,central,-25%,25%,-50%,50%
76,191.3995384,84.68328488,48.56368762,10.63397509,71.70543182,central,-25%,25%,central,-50%
77,191.3995384,84.68328488,48.56368762,10.63397509,143.4108636,central,-25%,25%,central,central
78,191.3995384,84.68328488,48.56368762,10.63397509,215.1162955,central,-25%,25%,central,50%
79,191.3995384,84.68328488,48.56368762,15.95096264,71.70543182,central,-25%,25%,50%,-50%
80,191.3995384,84.68328488,48.56368762,15.95096264,143.4108636,central,-25%,25%,50%,central
81,191.3995384,84.68328488,48.56368762,15.95096264,215.1162955,central,-25%,25%,50%,50%
82,191.3995384,84.68328488,57.89598475,5.316987546,71.70543182,central,-25%,50%,-50%,-50%
83,191.3995384,84.68328488,57.89598475,5.316987546,143.4108636,central,-25%,50%,-50%,central
84,191.3995384,84.68328488,57.89598475,5.316987546,215.1162955,central,-25%,50%,-50%,50%
85,191.3995384,84.68328488,57.89598475,10.63397509,71.70543182,central,-25%,50%,central,-50%
86,191.3995384,84.68328488,57.89598475,10.63397509,143.4108636,central,-25%,50%,central,central
87,191.3995384,84.68328488,57.89598475,10.63397509,215.1162955,central,-25%,50%,central,50%
88,191.3995384,84.68328488,57.89598475,15.95096264,71.70543182,central,-25%,50%,50%,-50%
89,191.3995384,84.68328488,57.89598475,15.95096264,143.4108636,central,-25%,50%,50%,central
90,191.3995384,84.68328488,57.89598475,15.95096264,215.1162955,central,-25%,50%,50%,50%
91,143.9889646,112.2098103,20.5668,5.316987546,71.70543182,-25%,central,-50%,-50%,-50%
92,143.9889646,112.2098103,20.5668,5.316987546,143.4108636,-25%,central,-50%,-50%,central
93,143.9889646,112.2098103,20.5668,5.316987546,215.1162955,-25%,central,-50%,-50%,50%
94,143.9889646,112.2098103,20.5668,10.63397509,71.70543182,-25%,central,-50%,central,-50%
95,143.9889646,112.2098103,20.5668,10.63397509,143.4108636,-25%,central,-50%,central,central
96,143.9889646,112.2098103,20.5668,10.63397509,215.1162955,-25%,central,-50%,central,50%
97,143.9889646,112.2098103,20.5668,15.95096264,71.70543182,-25%,central,-50%,50%,-50%
98,143.9889646,112.2098103,20.5668,15.95096264,143.4108636,-25%,central,-50%,50%,central
99,143.9889646,112.2098103,20.5668,15.95096264,215.1162955,-25%,central,-50%,50%,50%
100,143.9889646,112.2098103,29.89909335,5.316987546,71.70543182,-25%,central,-25%,-50%,-50%
101,143.9889646,112.2098103,29.89909335,5.316987546,143.4108636,-25%,central,-25%,-50%,central
102,143.9889646,112.2098103,29.89909335,5.316987546,215.1162955,-25%,central,-25%,-50%,50%
103,143.9889646,112.2098103,29.89909335,10.63397509,71.70543182,-25%,central,-25%,central,-50%
104,143.9889646,112.2098103,29.89909335,10.63397509,143.4108636,-25%,central,-25%,central,central
105,143.9889646,112.2098103,29.89909335,10.63397509,215.1162955,-25%,central,-25%,central,50%
106,143.9889646,112.2098103,29.89909335,15.95096264,71.70543182,-25%,central,-25%,50%,-50%
107,143.9889646,112.2098103,29.89909335,15.95096264,143.4108636,-25%,central,-25%,50%,central
108,143.9889646,112.2098103,29.89909335,15.95096264,215.1162955,-25%,central,-25%,50%,50%
109,143.9889646,112.2098103,39.23139049,5.316987546,71.70543182,-25%,central,central,-50%,-50%
110,143.9889646,112.2098103,39.23139049,5.316987546,143.4108636,-25%,central,central,-50%,central
111,143.9889646,112.2098103,39.23139049,5.316987546,215.1162955,-25%,central,central,-50%,50%
112,143.9889646,112.2098103,39.23139049,10.63397509,71.70543182,-25%,central,central,central,-50%
113,143.9889646,112.2098103,39.23139049,10.63397509,143.4108636,-25%,central,central,central,central
114,143.9889646,112.2098103,39.23139049,10.63397509,215.1162955,-25%,central,central,central,50%
115,143.9889646,112.2098103,39.23139049,15.95096264,71.70543182,-25%,central,central,50%,-50%
116,143.9889646,112.2098103,39.23139049,15.95096264,143.4108636,-25%,central,central,50%,central
117,143.9889646,112.2098103,39.23139049,15.95096264,215.1162955,-25%,central,central,50%,50%
118,143.9889646,112.2098103,48.56368762,5.316987546,71.70543182,-25%,central,25%,-50%,-50%
119,143.9889646,112.2098103,48.56368762,5.316987546,143.4108636,-25%,central,25%,-50%,central
120,143.9889646,112.2098103,48.56368762,5.316987546,215.1162955,-25%,central,25%,-50%,50%
121,143.9889646,112.2098103,48.56368762,10.63397509,71.70543182,-25%,central,25%,central,-50%
122,143.9889646,112.2098103,48.56368762,10.63397509,143.4108636,-25%,central,25%,central,central
123,143.9889646,112.2098103,48.56368762,10.63397509,215.1162955,-25%,central,25%,central,50%
124,143.9889646,112.2098103,48.56368762,15.95096264,71.70543182,-25%,central,25%,50%,-50%
125,143.9889646,112.2098103,48.56368762,15.95096264,143.4108636,-25%,central,25%,50%,central
126,143.9889646,112.2098103,48.56368762,15.95096264,215.1162955,-25%,central,25%,50%,50%
127,143.9889646,112.2098103,57.89598475,5.316987546,71.70543182,-25%,central,50%,-50%,-50%
128,143.9889646,112.2098103,57.89598475,5.316987546,143.4108636,-25%,central,50%,-50%,central
129,143.9889646,112.2098103,57.89598475,5.316987546,215.1162955,-25%,central,50%,-50%,50%
130,143.9889646,112.2098103,57.89598475,10.63397509,71.70543182,-25%,central,50%,central,-50%
131,143.9889646,112.2098103,57.89598475,10.63397509,143.4108636,-25%,central,50%,central,central
132,143.9889646,112.2098103,57.89598475,10.63397509,215.1162955,-25%,central,50%,central,50%
133,143.9889646,112.2098103,57.89598475,15.95096264,71.70543182,-25%,central,50%,50%,-50%
134,143.9889646,112.2098103,57.89598475,15.95096264,143.4108636,-25%,central,50%,50%,central
135,143.9889646,112.2098103,57.89598475,15.95096264,215.1162955,-25%,central,50%,50%,50%
136,191.3995384,112.2098103,20.5668,5.316987546,71.70543182,central,central,-50%,-50%,-50%
137,191.3995384,112.2098103,20.5668,5.316987546,143.4108636,central,central,-50%,-50%,central
138,191.3995384,112.2098103,20.5668,5.316987546,215.1162955,central,central,-50%,-50%,50%
139,191.3995384,112.2098103,20.5668,10.63397509,71.70543182,central,central,-50%,central,-50%
140,191.3995384,112.2098103,20.5668,10.63397509,143.4108636,central,central,-50%,central,central
141,191.3995384,112.2098103,20.5668,10.63397509,215.1162955,central,central,-50%,central,50%
142,191.3995384,112.2098103,20.5668,15.95096264,71.70543182,central,central,-50%,50%,-50%
143,191.3995384,112.2098103,20.5668,15.95096264,143.4108636,central,central,-50%,50%,central
144,191.3995384,112.2098103,20.5668,15.95096264,215.1162955,central,central,-50%,50%,50%
145,191.3995384,112.2098103,29.89909335,5.316987546,71.70543182,central,central,-25%,-50%,-50%
146,191.3995384,112.2098103,29.89909335,5.316987546,143.4108636,central,central,-25%,-50%,central
147,191.3995384,112.2098103,29.89909335,5.316987546,215.1162955,central,central,-25%,-50%,50%
148,191.3995384,112.2098103,29.89909335,10.63397509,71.70543182,central,central,-25%,central,-50%
149,191.3995384,112.2098103,29.89909335,10.63397509,143.4108636,central,central,-25%,central,central
150,191.3995384,112.2098103,29.89909335,10.63397509,215.1162955,central,central,-25%,central,50%
151,191.3995384,112.2098103,29.89909335,15.95096264,71.70543182,central,central,-25%,50%,-50%
152,191.3995384,112.2098103,29.89909335,15.95096264,143.4108636,central,central,-25%,50%,central
153,191.3995384,112.2098103,29.89909335,15.95096264,215.1162955,central,central,-25%,50%,50%
154,191.3995384,112.2098103,39.23139049,5.316987546,71.70543182,central,central,central,-50%,-50%
155,191.3995384,112.2098103,39.23139049,5.316987546,143.4108636,central,central,central,-50%,central
156,191.3995384,112.2098103,39.23139049,5.316987546,215.1162955,central,central,central,-50%,50%
157,191.3995384,112.2098103,39.23139049,10.63397509,71.70543182,central,central,central,central,-50%
158,191.3995384,112.2098103,39.23139049,10.63397509,143.4108636,central,central,central,central,central
159,191.3995384,112.2098103,39.23139049,10.63397509,215.1162955,central,central,central,central,50%
160,191.3995384,112.2098103,39.23139049,15.95096264,71.70543182,central,central,central,50%,-50%
161,191.3995384,112.2098103,39.23139049,15.95096264,143.4108636,central,central,central,50%,central
162,191.3995384,112.2098103,39.23139049,15.95096264,215.1162955,central,central,central,50%,50%
163,191.3995384,112.2098103,48.56368762,5.316987546,71.70543182,central,central,25%,-50%,-50%
164,191.3995384,112.2098103,48.56368762,5.316987546,143.4108636,central,central,25%,-50%,central
165,191.3995384,112.2098103,48.56368762,5.316987546,215.1162955,central,central,25%,-50%,50%
166,191.3995384,112.2098103,48.56368762,10.63397509,71.70543182,central,central,25%,central,-50%
167,191.3995384,112.2098103,48.56368762,10.63397509,143.4108636,central,central,25%,central,central
168,191.3995384,112.2098103,48.56368762,10.63397509,215.1162955,central,central,25%,central,50%
169,191.3995384,112.2098103,48.56368762,15.95096264,71.70543182,central,central,25%,50%,-50%
170,191.3995384,112.2098103,48.56368762,15.95096264,143.4108636,central,central,25%,50%,central
171,191.3995384,112.2098103,48.56368762,15.95096264,215.1162955,central,central,25%,50%,50%
172,191.3995384,112.2098103,57.89598475,5.316987546,71.70543182,central,central,50%,-50%,-50%
173,191.3995384,112.2098103,57.89598475,5.316987546,143.4108636,central,central,50%,-50%,central
174,191.3995384,112.2098103,57.89598475,5.316987546,215.1162955,central,central,50%,-50%,50%
175,191.3995384,112.2098103,57.89598475,10.63397509,71.70543182,central,central,50%,central,-50%
176,191.3995384,112.2098103,57.89598475,10.63397509,143.4108636,central,central,50%,central,central
177,191.3995384,112.2098103,57.89598475,10.63397509,215.1162955,central,central,50%,central,50%
178,191.3995384,112.2098103,57.89598475,15.95096264,71.70543182,central,central,50%,50%,-50%
179,191.3995384,112.2098103,57.89598475,15.95096264,143.4108636,central,central,50%,50%,central
180,191.3995384,112.2098103,57.89598475,15.95096264,215.1162955,central,central,50%,50%,50%
181,238.8101121,112.2098103,20.5668,5.316987546,71.70543182,25%,central,-50%,-50%,-50%
182,238.8101121,112.2098103,20.5668,5.316987546,143.4108636,25%,central,-50%,-50%,central
183,238.8101121,112.2098103,20.5668,5.316987546,215.1162955,25%,central,-50%,-50%,50%
184,238.8101121,112.2098103,20.5668,10.63397509,71.70543182,25%,central,-50%,central,-50%
185,238.8101121,112.2098103,20.5668,10.63397509,143.4108636,25%,central,-50%,central,central
186,238.8101121,112.2098103,20.5668,10.63397509,215.1162955,25%,central,-50%,central,50%
187,238.8101121,112.2098103,20.5668,15.95096264,71.70543182,25%,central,-50%,50%,-50%
188,238.8101121,112.2098103,20.5668,15.95096264,143.4108636,25%,central,-50%,50%,central
189,238.8101121,112.2098103,20.5668,15.95096264,215.1162955,25%,central,-50%,50%,50%
190,238.8101121,112.2098103,29.89909335,5.316987546,71.70543182,25%,central,-25%,-50%,-50%
191,238.8101121,112.2098103,29.89909335,5.316987546,143.4108636,25%,central,-25%,-50%,central
192,238.8101121,112.2098103,29.89909335,5.316987546,215.1162955,25%,central,-25%,-50%,50%
193,238.8101121,112.2098103,29.89909335,10.63397509,71.70543182,25%,central,-25%,central,-50%
194,238.8101121,112.2098103,29.89909335,10.63397509,143.4108636,25%,central,-25%,central,central
195,238.8101121,112.2098103,29.89909335,10.63397509,215.1162955,25%,central,-25%,central,50%
196,238.8101121,112.2098103,29.89909335,15.95096264,71.70543182,25%,central,-25%,50%,-50%
197,238.8101121,112.2098103,29.89909335,15.95096264,143.4108636,25%,central,-25%,50%,central
198,238.8101121,112.2098103,29.89909335,15.95096264,215.1162955,25%,central,-25%,50%,50%
199,238.8101121,112.2098103,39.23139049,5.316987546,71.70543182,25%,central,central,-50%,-50%
200,238.8101121,112.2098103,39.23139049,5.316987546,143.4108636,25%,central,central,-50%,central
201,238.8101121,112.2098103,39.23139049,5.316987546,215.1162955,25%,central,central,-50%,50%
202,238.8101121,112.2098103,39.23139049,10.63397509,71.70543182,25%,central,central,central,-50%
203,238.8101121,112.2098103,39.23139049,10.63397509,143.4108636,25%,central,central,central,central
204,238.8101121,112.2098103,39.23139049,10.63397509,215.1162955,25%,central,central,central,50%
205,238.8101121,112.2098103,39.23139049,15.95096264,71.70543182,25%,central,central,50%,-50%
206,238.8101121,112.2098103,39.23139049,15.95096264,143.4108636,25%,central,central,50%,central
207,238.8101121,112.2098103,39.23139049,15.95096264,215.1162955,25%,central,central,50%,50%
208,238.8101121,112.2098103,48.56368762,5.316987546,71.70543182,25%,central,25%,-50%,-50%
209,238.8101121,112.2098103,48.56368762,5.316987546,143.4108636,25%,central,25%,-50%,central
210,238.8101121,112.2098103,48.56368762,5.316987546,215.1162955,25%,central,25%,-50%,50%
211,238.8101121,112.2098103,48.56368762,10.63397509,71.70543182,25%,central,25%,central,-50%
212,238.8101121,112.2098103,48.56368762,10.63397509,143.4108636,25%,central,25%,central,central
213,238.8101121,112.2098103,48.56368762,10.63397509,215.1162955,25%,central,25%,central,50%
214,238.8101121,112.2098103,48.56368762,15.95096264,71.70543182,25%,central,25%,50%,-50%
215,238.8101121,112.2098103,48.56368762,15.95096264,143.4108636,25%,central,25%,50%,central
216,238.8101121,112.2098103,48.56368762,15.95096264,215.1162955,25%,central,25%,50%,50%
217,238.8101121,112.2098103,57.89598475,5.316987546,71.70543182,25%,central,50%,-50%,-50%
218,238.8101121,112.2098103,57.89598475,5.316987546,143.4108636,25%,central,50%,-50%,central
219,238.8101121,112.2098103,57.89598475,5.316987546,215.1162955,25%,central,50%,-50%,50%
220,238.8101121,112.2098103,57.89598475,10.63397509,71.70543182,25%,central,50%,central,-50%
221,238.8101121,112.2098103,57.89598475,10.63397509,143.4108636,25%,central,50%,central,central
222,238.8101121,112.2098103,57.89598475,10.63397509,215.1162955,25%,central,50%,central,50%
223,238.8101121,112.2098103,57.89598475,15.95096264,71.70543182,25%,central,50%,50%,-50%
224,238.8101121,112.2098103,57.89598475,15.95096264,143.4108636,25%,central,50%,50%,central
225,238.8101121,112.2098103,57.89598475,15.95096264,215.1162955,25%,central,50%,50%,50%
226,191.3995384,139.7363357,20.5668,5.316987546,71.70543182,central,25%,-50%,-50%,-50%
227,191.3995384,139.7363357,20.5668,5.316987546,143.4108636,central,25%,-50%,-50%,central
228,191.3995384,139.7363357,20.5668,5.316987546,215.1162955,central,25%,-50%,-50%,50%
229,191.3995384,139.7363357,20.5668,10.63397509,71.70543182,central,25%,-50%,central,-50%
230,191.3995384,139.7363357,20.5668,10.63397509,143.4108636,central,25%,-50%,central,central
231,191.3995384,139.7363357,20.5668,10.63397509,215.1162955,central,25%,-50%,central,50%
232,191.3995384,139.7363357,20.5668,15.95096264,71.70543182,central,25%,-50%,50%,-50%
233,191.3995384,139.7363357,20.5668,15.95096264,143.4108636,central,25%,-50%,50%,central
234,191.3995384,139.7363357,20.5668,15.95096264,215.1162955,central,25%,-50%,50%,50%
235,191.3995384,139.7363357,29.89909335,5.316987546,71.70543182,central,25%,-25%,-50%,-50%
236,191.3995384,139.7363357,29.89909335,5.316987546,143.4108636,central,25%,-25%,-50%,central
237,191.3995384,139.7363357,29.89909335,5.316987546,215.1162955,central,25%,-25%,-50%,50%
238,191.3995384,139.7363357,29.89909335,10.63397509,71.70543182,central,25%,-25%,central,-50%
239,191.3995384,139.7363357,29.89909335,10.63397509,143.4108636,central,25%,-25%,central,central
240,191.3995384,139.7363357,29.89909335,10.63397509,215.1162955,central,25%,-25%,central,50%
241,191.3995384,139.7363357,29.89909335,15.95096264,71.70543182,central,25%,-25%,50%,-50%
242,191.3995384,139.7363357,29.89909335,15.95096264,143.4108636,central,25%,-25%,50%,central
243,191.3995384,139.7363357,29.89909335,15.95096264,215.1162955,central,25%,-25%,50%,50%
244,191.3995384,139.7363357,39.23139049,5.316987546,71.70543182,central,25%,central,-50%,-50%
245,191.3995384,139.7363357,39.23139049,5.316987546,143.4108636,central,25%,central,-50%,central
246,191.3995384,139.7363357,39.23139049,5.316987546,215.1162955,central,25%,central,-50%,50%
247,191.3995384,139.7363357,39.23139049,10.63397509,71.70543182,central,25%,central,central,-50%
248,191.3995384,139.7363357,39.23139049,10.63397509,143.4108636,central,25%,central,central,central
249,191.3995384,139.7363357,39.23139049,10.63397509,215.1162955,central,25%,central,central,50%
250,191.3995384,139.7363357,39.23139049,15.95096264,71.70543182,central,25%,central,50%,-50%
251,191.3995384,139.7363357,39.23139049,15.95096264,143.4108636,central,25%,central,50%,central
252,191.3995384,139.7363357,39.23139049,15.95096264,215.1162955,central,25%,central,50%,50%
253,191.3995384,139.7363357,48.56368762,5.316987546,71.70543182,central,25%,25%,-50%,-50%
254,191.3995384,139.7363357,48.56368762,5.316987546,143.4108636,central,25%,25%,-50%,central
255,191.3995384,139.7363357,48.56368762,5.316987546,215.1162955,central,25%,25%,-50%,50%
256,191.3995384,139.7363357,48.56368762,10.63397509,71.70543182,central,25%,25%,central,-50%
257,191.3995384,139.7363357,48.56368762,10.63397509,143.4108636,central,25%,25%,central,central
258,191.3995384,139.7363357,48.56368762,10.63397509,215.1162955,central,25%,25%,central,50%
259,191.3995384,139.7363357,48.56368762,15.95096264,71.70543182,central,25%,25%,50%,-50%
260,191.3995384,139.7363357,48.56368762,15.95096264,143.4108636,central,25%,25%,50%,central
261,191.3995384,139.7363357,48.56368762,15.95096264,215.1162955,central,25%,25%,50%,50%
262,191.3995384,139.7363357,57.89598475,5.316987546,71.70543182,central,25%,50%,-50%,-50%
263,191.3995384,139.7363357,57.89598475,5.316987546,143.4108636,central,25%,50%,-50%,central
264,191.3995384,139.7363357,57.89598475,5.316987546,215.1162955,central,25%,50%,-50%,50%
265,191.3995384,139.7363357,57.89598475,10.63397509,71.70543182,central,25%,50%,central,-50%
266,191.3995384,139.7363357,57.89598475,10.63397509,143.4108636,central,25%,50%,central,central
267,191.3995384,139.7363357,57.89598475,10.63397509,215.1162955,central,25%,50%,central,50%
268,191.3995384,139.7363357,57.89598475,15.95096264,71.70543182,central,25%,50%,50%,-50%
269,191.3995384,139.7363357,57.89598475,15.95096264,143.4108636,central,25%,50%,50%,central
270,191.3995384,139.7363357,57.89598475,15.95096264,215.1162955,central,25%,50%,50%,50%
271,238.8101121,139.7363357,20.5668,5.316987546,71.70543182,25%,25%,-50%,-50%,-50%
272,238.8101121,139.7363357,20.5668,5.316987546,143.4108636,25%,25%,-50%,-50%,central
273,238.8101121,139.7363357,20.5668,5.316987546,215.1162955,25%,25%,-50%,-50%,50%
274,238.8101121,139.7363357,20.5668,10.63397509,71.70543182,25%,25%,-50%,central,-50%
275,238.8101121,139.7363357,20.5668,10.63397509,143.4108636,25%,25%,-50%,central,central
276,238.8101121,139.7363357,20.5668,10.63397509,215.1162955,25%,25%,-50%,central,50%
277,238.8101121,139.7363357,20.5668,15.95096264,71.70543182,25%,25%,-50%,50%,-50%
278,238.8101121,139.7363357,20.5668,15.95096264,143.4108636,25%,25%,-50%,50%,central
279,238.8101121,139.7363357,20.5668,15.95096264,215.1162955,25%,25%,-50%,50%,50%
280,238.8101121,139.7363357,29.89909335,5.316987546,71.70543182,25%,25%,-25%,-50%,-50%
281,238.8101121,139.7363357,29.89909335,5.316987546,143.4108636,25%,25%,-25%,-50%,central
282,238.8101121,139.7363357,29.89909335,5.316987546,215.1162955,25%,25%,-25%,-50%,50%
283,238.8101121,139.7363357,29.89909335,10.63397509,71.70543182,25%,25%,-25%,central,-50%
284,238.8101121,139.7363357,29.89909335,10.63397509,143.4108636,25%,25%,-25%,central,central
285,238.8101121,139.7363357,29.89909335,10.63397509,215.1162955,25%,25%,-25%,central,50%
286,238.8101121,139.7363357,29.89909335,15.95096264,71.70543182,25%,25%,-25%,50%,-50%
287,238.8101121,139.7363357,29.89909335,15.95096264,143.4108636,25%,25%,-25%,50%,central
288,238.8101121,139.7363357,29.89909335,15.95096264,215.1162955,25%,25%,-25%,50%,50%
289,238.8101121,139.7363357,39.23139049,5.316987546,71.70543182,25%,25%,central,-50%,-50%
290,238.8101121,139.7363357,39.23139049,5.316987546,143.4108636,25%,25%,central,-50%,central
291,238.8101121,139.7363357,39.23139049,5.316987546,215.1162955,25%,25%,central,-50%,50%
292,238.8101121,139.7363357,39.23139049,10.63397509,71.70543182,25%,25%,central,central,-50%
293,238.8101121,139.7363357,39.23139049,10.63397509,143.4108636,25%,25%,central,central,central
294,238.8101121,139.7363357,39.23139049,10.63397509,215.1162955,25%,25%,central,central,50%
295,238.8101121,139.7363357,39.23139049,15.95096264,71.70543182,25%,25%,central,50%,-50%
296,238.8101121,139.7363357,39.23139049,15.95096264,143.4108636,25%,25%,central,50%,central
297,238.8101121,139.7363357,39.23139049,15.95096264,215.1162955,25%,25%,central,50%,50%
298,238.8101121,139.7363357,48.56368762,5.316987546,71.70543182,25%,25%,25%,-50%,-50%
299,238.8101121,139.7363357,48.56368762,5.316987546,143.4108636,25%,25%,25%,-50%,central
300,238.8101121,139.7363357,48.56368762,5.316987546,215.1162955,25%,25%,25%,-50%,50%
301,238.8101121,139.7363357,48.56368762,10.63397509,71.70543182,25%,25%,25%,central,-50%
302,238.8101121,139.7363357,48.56368762,10.63397509,143.4108636,25%,25%,25%,central,central
303,238.8101121,139.7363357,48.56368762,10.63397509,215.1162955,25%,25%,25%,central,50%
304,238.8101121,139.7363357,48.56368762,15.95096264,71.70543182,25%,25%,25%,50%,-50%
305,238.8101121,139.7363357,48.56368762,15.95096264,143.4108636,25%,25%,25%,50%,central
306,238.8101121,139.7363357,48.56368762,15.95096264,215.1162955,25%,25%,25%,50%,50%
307,238.8101121,139.7363357,57.89598475,5.316987546,71.70543182,25%,25%,50%,-50%,-50%
308,238.8101121,139.7363357,57.89598475,5.316987546,143.4108636,25%,25%,50%,-50%,central
309,238.8101121,139.7363357,57.89598475,5.316987546,215.1162955,25%,25%,50%,-50%,50%
310,238.8101121,139.7363357,57.89598475,10.63397509,71.70543182,25%,25%,50%,central,-50%
311,238.8101121,139.7363357,57.89598475,10.63397509,143.4108636,25%,25%,50%,central,central
312,238.8101121,139.7363357,57.89598475,10.63397509,215.1162955,25%,25%,50%,central,50%
313,238.8101121,139.7363357,57.89598475,15.95096264,71.70543182,25%,25%,50%,50%,-50%
314,238.8101121,139.7363357,57.89598475,15.95096264,143.4108636,25%,25%,50%,50%,central
315,238.8101121,139.7363357,57.89598475,15.95096264,215.1162955,25%,25%,50%,50%,50%
