scen,cost,offshore,onshore,PV,biogas,battery_dch,methanation_dch,battery_ch,methaantion_ch,battery_v,methanation_v,offshore_gene,onshore_gene,PV_gene,battery_gene,PHS_gene,methanation_gene,LCOE1,LCOE2,marginal_cost,LC,str_loss
1,15.38,3.22,68.21,182.88,27.77,30.94,27.77,30.94,9.51,176.64,23583.48,14.83,194.03,260.06,40.93,24.93,12.04,29.09,36.42,37.72,11.74,8.41
2,15.9,11.54,62.95,172.8,27.99,28.46,27.99,28.46,5.28,168.89,16493.84,53.1,179.05,245.73,30.81,27.58,8.18,29.56,37.64,38.75,15.43,6.05
3,16.2,15.3,62.56,171.56,27.92,27.72,27.92,27.72,2.92,166.97,10551.73,70.4,177.94,243.96,23.42,29.23,4.96,29.34,38.36,39.52,19.42,4.1
4,16.06,0,89.52,147.57,32.26,21.38,32.26,21.38,10.5,85.09,18515.93,0,254.63,209.84,19.87,25.3,12.37,30.62,38.02,41.39,11.48,7.99
5,16.59,6.78,84.41,147.37,32.39,21.42,32.39,21.42,5.47,82.27,13027.51,31.19,240.11,209.56,16.43,29.75,8.11,30.67,39.27,42.32,16.31,5.59
6,16.86,11.86,80.5,149.1,31.97,22.05,31.97,22.05,2.71,88.39,8422.58,54.57,228.97,212.01,13.13,31.38,4.49,30.34,39.91,43.07,20.38,3.6
7,16.31,0,97.81,132.3,34.91,17.78,34.91,17.78,12.3,36.54,17097.12,0,278.22,188.13,8.9,25.7,13.72,30.99,38.61,42.38,11.43,8.33
8,16.88,9.03,90.85,130.88,34.65,18.23,34.65,18.23,5.21,39.74,11454.37,41.56,258.41,186.1,7.91,27.54,7.71,30.91,39.97,44.81,17.65,5.01
9,17.17,14.51,86.87,132.12,34.47,18.59,34.47,18.59,2.55,41.6,7097.84,66.78,247.1,187.88,6.14,28.39,4.2,30.59,40.66,45.26,21.65,3.11
10,16.83,5.35,82.45,133.1,30.2,23.17,30.2,23.17,10.23,120.72,18876.51,24.64,234.53,189.27,22.35,24.72,12.26,33.09,39.83,41.3,8.69,8.24
11,17.34,12.61,74.3,137,29.44,24.39,29.44,24.39,5.18,134.54,13806.1,58.02,211.34,194.81,20.12,27.14,7.91,33.09,41.06,42.61,13.72,5.7
12,17.62,18.63,71.55,132.47,29.59,24.14,29.59,24.14,2.65,129.32,8604.04,85.73,203.51,188.37,13.45,28.91,4.35,32.78,41.72,42.92,17.86,3.57
13,17.23,6.73,94.06,109.24,34.61,17.33,34.61,17.33,11.16,39.66,15929.97,30.98,267.55,155.34,7.78,24.34,12.64,33.54,40.8,44.5,9.94,7.87
14,17.8,15.35,83.22,113.99,34.35,18.18,34.35,18.18,5.81,46.74,12028.52,70.67,236.72,162.1,7.95,26.1,8.24,33.61,42.14,45.74,14.84,5.39
15,18.08,19.38,82.17,115.45,33.61,18.99,33.61,18.99,2.44,55.52,7087.02,89.19,233.74,164.17,6.71,27.36,4.05,33.07,42.8,46.48,19.63,3.11
16,17.41,0,108.65,104.75,36.38,14.79,36.38,14.79,11.94,23.13,15158.4,0,309.06,148.95,4.67,23.87,13.39,33.61,41.22,44.93,10.38,8.08
17,18,9.8,98.13,106.49,36.28,15.34,36.28,15.34,5.79,26.49,10686.86,45.09,279.12,151.43,4.41,25.74,8.19,33.61,42.62,46.57,15.97,5.18
18,18.3,11.21,99.85,110.51,35.1,16.59,35.1,16.59,2.86,32.79,6992.24,51.59,284.03,157.15,4.25,26.72,4.57,33.14,43.34,47.4,20.28,3.24
19,17.91,19.63,73.79,99.44,33.14,19.23,33.14,19.23,10.85,71.28,16119.05,90.34,209.88,141.4,10.19,23.4,12.14,35.7,42.39,43.72,7.97,7.83
20,18.45,17.6,80.13,106.1,31.71,20.64,31.71,20.64,5.48,88.65,12362.19,81.03,227.93,150.87,10.72,25.49,7.93,35.5,43.69,45.35,13.35,5.4
21,18.72,18.56,84.12,106.63,31.09,21.09,31.09,21.09,2.66,93.45,8091.43,85.41,239.28,151.63,8.32,26.78,4.35,34.93,44.33,45.69,17.84,3.35
22,18.17,5.89,103.08,91.17,34.54,16.31,34.54,16.31,11.78,36.32,15785.16,27.12,293.21,129.65,5.54,22.87,13.02,35.64,43.03,45.8,9.17,8.01
23,18.75,11.34,100.18,91.65,33.91,17.04,33.91,17.04,5.93,40.52,11386.21,52.19,284.95,130.32,4.96,24.45,8.22,35.54,44.38,46.96,14.67,5.25
24,19.05,16.32,96.58,94.39,33.75,17.43,33.75,17.2,2.94,42.18,7781,75.12,274.73,134.23,4.45,25.51,4.7,35.06,45.11,48.37,18.95,3.33
25,18.29,1.94,114.61,84.22,37.78,12.32,37.78,12.32,12.65,13.3,14734.47,8.93,325.99,119.76,2.17,22.33,13.84,35.53,43.3,46.45,9.69,8.25
26,18.9,9.87,106.58,87.97,37.29,13.25,37.29,13.25,6.05,17.44,10885.44,45.45,303.15,125.1,2.45,24.23,8.37,35.41,44.74,48.99,15.66,5.19
27,19.22,13.39,106.15,89.73,36.59,14.01,36.59,14.01,2.94,20.69,7320.71,61.62,301.95,127.6,2.4,25.07,4.69,34.92,45.51,49.54,20.07,3.2
28,18.75,20,84.94,77.48,35.24,15.79,35.24,15.79,11.77,47.93,15597.43,92.05,241.61,110.17,5.48,21.81,12.65,37.21,44.39,46.58,8.3,7.87
29,19.32,20,88.67,82.5,33.92,17.14,33.92,17.14,5.78,64.81,11934.45,92.05,252.23,117.31,5.73,23.69,7.94,37.05,45.75,48.05,13.84,5.17
30,19.61,20,93.26,83.98,33.06,17.84,33.06,17.84,2.95,76.58,8160.84,92.05,265.26,119.43,5.74,24.53,4.74,36.58,46.44,48.72,17.82,3.4
31,18.92,5.62,114.73,70.34,36.35,13.19,36.35,13.19,13.14,19.99,15100.46,25.87,326.33,100.03,2.48,21.17,14.06,36.93,44.79,48.09,9.16,8.38
32,19.53,15.14,102.62,74.98,35.33,14.85,35.33,14.85,6.36,30.12,11615.67,69.7,291.89,106.62,3.2,23.02,8.61,36.98,46.24,49.92,14.67,5.35
33,19.86,14.52,109.18,77.07,34.65,15.32,34.65,15.32,3.23,31.42,8119.38,66.84,310.56,109.59,2.75,23.9,4.99,36.35,47.01,50.76,19.31,3.36
34,18.99,4.18,120,66.37,38.63,10.54,38.63,10.54,13.79,7.75,15361.83,19.26,341.33,94.37,1.06,20.84,14.7,36.88,44.97,48.47,9.36,8.62
35,19.64,9.59,116.45,70.63,37.3,12.15,37.3,12.15,6.35,13.78,11254.88,44.14,331.24,100.43,1.61,22.81,8.67,36.66,46.49,50.69,15.9,5.25
36,19.98,10.22,120,73.7,36.88,12.51,36.88,12.51,3.38,14.33,7950.58,47.06,341.33,104.79,1.36,23.63,5.18,36.17,47.3,52.32,20.17,3.36
37,19.41,20,96.38,59.52,36.95,12.89,36.95,12.89,12.85,28.11,14476.58,92.05,274.16,84.63,2.61,20.57,13.8,37.99,45.95,48.77,9.07,8.24
38,20.01,20,98.63,65.84,35.29,14.69,35.29,14.69,6.23,54.33,11550.89,92.05,280.54,93.62,4.22,22.45,8.33,38.03,47.37,50.5,14.48,5.24
39,20.31,20,104.72,66.22,34.21,15.51,34.21,15.51,2.82,73.65,7406.77,92.05,297.86,94.16,4.21,23.03,4.34,37.38,48.08,51.26,19.2,3.06
40,19.49,10.46,117.06,53.23,37.74,11,37.74,11,14.07,11.6,14561.73,48.15,332.98,75.69,1.16,20.05,15,37.71,46.15,49.3,9.55,8.72
41,20.16,12.88,116.02,62.28,36.32,12.8,36.32,12.8,6.16,18.4,10679.54,59.27,330,88.56,1.83,22.33,8.43,37.5,47.73,52.51,16.33,5.1
42,20.5,15.75,117.79,61.29,35.92,13.06,35.92,13.06,3.38,19.54,7718.18,72.49,335.05,87.15,1.55,22.86,5.13,37.01,48.53,53.33,20.43,3.31
43,19.54,10.07,120,50.15,38.48,10.02,38.48,10.02,14.28,7.62,14048.44,46.36,341.33,71.31,0.77,19.91,15.27,37.65,46.26,49.82,9.8,8.81
44,20.24,12.35,120,58.29,38.31,10.48,38.31,10.48,6.55,8.04,10760.68,56.84,341.33,82.89,0.87,22.05,8.92,37.43,47.92,53.25,16.61,5.28
45,20.59,15.67,120,59.14,36.66,12.14,36.66,12.14,3.36,14.6,7692.13,72.12,341.33,84.09,1.18,22.79,5.11,36.99,48.75,54.45,20.85,3.27
46,15.39,0,73.25,183.65,27.74,30.85,27.74,30.85,9.62,180.17,23404.2,0,208.37,261.15,41.53,24.92,12.18,29.06,36.43,37.74,11.74,8.49
47,15.92,0,80.85,180.11,27.61,29.88,27.61,29.88,5.39,166.51,16537.89,0,229.97,256.11,31.89,27.54,8.29,29.14,37.68,38.8,16.61,6.05
48,16.22,0,88.43,172.86,27.61,27.22,27.61,27.22,3.21,158.92,10971.18,0,251.54,245.8,23.52,28.95,5.39,29.09,38.39,39.61,19.94,4.27
49,16.06,0,89.38,147.82,32.25,21.41,32.25,21.41,10.54,85.45,18437.74,0,254.24,210.2,19.99,25.27,12.4,30.62,38.02,41.41,11.46,8
50,16.59,0,95.26,149.62,31.78,21.68,31.78,21.68,5.42,86.65,13483.61,0,270.97,212.75,17.09,27.07,8.07,30.52,39.28,42.41,16.83,5.49
51,16.87,0,100.49,150.44,31.26,22,31.26,22,2.83,89.48,9104.87,0,285.84,213.92,13.32,28.38,4.69,30.15,39.95,42.95,20.96,3.58
52,16.31,0,97.81,132.3,34.91,17.78,34.91,17.78,12.3,36.54,17051.26,0,278.21,188.13,8.9,24.94,13.72,30.99,38.61,42.39,11.45,8.3
53,16.89,0,107.21,130.99,34.35,17.87,34.35,17.87,5.25,35.77,11482.11,0,304.96,186.26,7.15,26.8,7.79,30.64,39.99,45.11,18.42,4.95
54,17.19,0,112.92,130.66,34.01,17.95,34.01,17.95,2.86,35.3,7778.57,0,321.2,185.79,5.24,27.53,4.66,30.34,40.7,45.59,22.2,3.25
55,16.83,0,91.67,134.29,30.45,22.6,30.45,22.6,10.36,111.91,20335.9,0,260.76,190.96,21.52,24.1,12.33,32.9,39.86,41.2,9.28,8.18
56,17.36,0,96.7,138.07,29.44,23.53,29.44,23.53,5.05,122.99,13859.11,0,275.07,196.34,18.91,28.46,7.76,32.67,41.1,42.56,14.97,5.55
57,17.65,0,102.6,135.4,29.05,23.55,29.05,23.55,2.94,123.37,9623.85,0,291.84,192.53,13.96,29.77,4.84,32.43,41.79,42.95,18.59,3.82
58,17.24,0,105.47,109.16,34.25,17.22,34.25,17.22,11.58,39.48,16678.8,0,299.99,155.23,7.75,24.43,12.99,33.46,40.81,44.47,9.99,8.03
59,17.81,0,110.17,114.4,33.35,18.11,33.35,18.11,5.6,48.24,12384.26,0,313.39,162.68,7.9,26.63,8.09,33.23,42.18,45.66,15.94,5.27
60,18.11,0,115.67,115.39,32.58,18.67,32.58,18.67,2.7,54.39,8403.75,0,329.03,164.08,6.51,27.63,4.42,32.77,42.88,46.32,20.32,3.26
61,17.41,0,108.64,104.68,36.37,14.79,36.37,14.79,11.98,23.15,15806.42,0,309.01,148.85,4.66,24.04,13.42,33.62,41.22,44.93,10.33,8.11
62,18.01,0,115.07,107.14,35.6,15.36,35.6,15.36,5.96,24.78,11766.49,0,327.31,152.35,4.33,26.01,8.46,33.37,42.63,46.59,16.44,5.29
63,18.32,0,120,110.2,33.99,16.87,33.99,16.87,2.77,32.59,7625.92,0,341.33,156.7,4.12,27.05,4.48,32.85,43.36,47.31,21.07,3.17
64,17.94,0,105.47,104.5,32.5,18.79,32.5,18.79,10.57,77.31,17013.26,0,300.01,148.6,11.66,23.89,12.2,35.27,42.47,43.89,9.13,7.82
65,18.5,0,109.06,110.24,31.44,19.91,31.44,19.91,5.54,84.94,12786.81,0,310.21,156.76,11.12,28.66,8.08,35.1,43.79,45.35,14.33,5.52
66,18.77,0,114.7,109.74,30.82,20.26,30.82,20.26,2.85,92.75,8624.62,0,326.26,156.05,8.7,29.7,4.63,34.64,44.45,45.64,18.51,3.56
67,18.18,0,113.55,91.15,34.61,15.82,34.61,15.82,11.97,32.16,16952.51,0,323,129.62,5.07,23.44,13.24,35.46,43.03,45.86,9.52,8.09
68,18.76,0,119.44,93.41,33.88,16.37,33.88,15.34,6.15,33.96,12576.04,0,339.75,132.83,4.63,25.26,8.54,35.23,44.42,47.44,15.3,5.39
69,19.1,0,120,101.13,33.05,17.47,33.05,17.47,3.74,43.34,10036.17,0,341.33,143.81,5.28,26.24,5.79,35.06,45.23,51.82,18.56,3.92
70,18.29,0,117.84,84.44,37.51,12.47,37.51,12.47,12.68,13.67,15989.04,0,335.2,120.07,2.24,22.96,13.88,35.49,43.3,46.43,9.75,8.28
71,18.92,0,120,93.13,35.62,14.6,35.62,14.6,6.58,22.73,12310.61,0,341.33,132.43,3.55,25.2,9.05,35.45,44.79,51.18,15.27,5.6
72,19.3,0,120,102.65,33.64,16.93,33.64,16.93,3.83,34.98,9760.08,0,341.33,145.97,4.53,26.43,5.91,35.29,45.7,54.38,18.83,3.95
73,18.79,0,118.88,78.05,35.12,14.57,35.12,14.57,12.65,45.17,16531.33,0,338.16,110.99,5.37,22.2,13.55,36.91,44.5,46.62,8.76,8.28
74,19.39,0,120,86.88,33.58,16.4,33.58,16.4,6.55,63.27,13378.01,0,341.33,123.54,6.6,24.35,8.85,36.94,45.9,49.02,13.87,5.66
75,19.72,0,120,97.14,31.71,18.66,31.71,18.66,3.21,91.13,9496.55,0,341.33,138.13,7.38,25.93,5.07,36.58,46.68,51.51,18,3.65
76,18.93,0,120,77.78,35.77,13.86,35.77,13.86,13.27,22.15,16506.3,0,341.33,110.61,3.19,22.1,14.12,36.98,44.83,50.13,9.03,8.47
77,19.62,0,120,89.86,34.27,15.82,34.27,15.82,6.99,31.32,13571.93,0,341.33,127.78,4.55,24.55,9.39,37.07,46.44,54.47,14.33,5.84
78,20.03,0,120,98.1,33.08,17.33,33.08,17.33,4.36,43.04,11058.21,0,341.33,139.5,5.15,25.71,6.55,37.06,47.43,57.82,17.55,4.32
79,19.03,0,120,78.41,37.31,12.34,37.31,12.34,13.71,13.83,17011.91,0,341.33,111.5,2.13,21.97,14.5,37.11,45.06,52.62,9.02,8.62
80,19.78,0,120,90.27,35.16,14.94,35.16,14.94,7.23,25.68,13741.25,0,341.33,128.37,3.96,24.42,9.65,37.33,46.82,58.86,14.31,5.95
81,20.23,0.23,120,95.75,34.1,16.21,34.1,16.21,5.19,32.19,12033.03,1.04,341.33,136.16,4.07,25.39,7.48,37.57,47.9,60.78,16.78,4.77
82,19.5,0,120,74.41,35.25,14.25,35.25,14.25,13.47,50.92,17047.97,0,341.33,105.81,5.54,21.36,14.04,38.45,46.17,52.31,8.16,8.56
83,20.19,0,120,84.79,33.59,16.31,33.59,16.31,7.06,70.15,14044.33,0,341.33,120.57,7.07,23.55,9.28,38.68,47.8,55.85,13.15,5.92
84,20.6,0,120,92.56,32.02,18.17,32.02,18.17,4.12,96.52,11157.01,0,341.33,131.62,7.67,24.87,6.25,38.66,48.76,58.45,16.44,4.28
85,19.65,0,120,75.97,36,13.56,36,13.56,14.7,20.74,17288.55,0,341.33,108.03,2.94,21.17,14.96,38.58,46.52,57.02,8.15,8.93
86,20.44,1.29,120,84.29,34.75,15.12,34.75,15.12,7.56,28.6,13982.82,5.96,341.33,119.86,3.86,23.54,9.9,38.78,48.4,60.84,13.8,6.07
87,20.9,2.82,120,85.76,34.36,15.55,34.36,15.55,5.4,30.3,11687.56,13,341.33,121.95,3.4,24.48,7.63,38.98,49.48,61.49,16.41,4.82
88,19.75,0,120,75.53,37.31,12.24,37.31,12.24,15.83,13.83,16945.28,0,341.33,107.4,2.06,20.7,15.66,38.82,46.76,59.5,7.7,9.27
89,20.58,2.93,120,79.44,35.86,13.81,35.86,13.81,7.85,20.96,12931.16,13.48,341.33,112.97,2.76,23.18,10.16,38.99,48.72,62.22,13.81,6.16
90,21.05,4.19,120,82.84,35.34,14.45,35.34,14.45,5.27,23.95,10564.99,19.27,341.33,117.79,2.71,24.06,7.47,39.11,49.84,63.94,16.83,4.68
91,16.38,20,25.94,218,25.52,43.86,25.52,43.86,12.07,249.27,29249.68,92.05,73.78,310,63.2,23.98,14.5,30.58,38.79,42.44,10.92,10.25
92,17.03,20,31.89,218,25.34,42.27,25.34,42.27,6.63,242.5,19609.98,92.05,90.72,310,52.38,25.61,9.85,30.81,40.32,42.85,16.27,7.32
93,17.39,20,35.13,218,25.05,43.54,25.05,43.54,4.47,241.98,14912.09,92.05,99.94,310,46.22,26.98,7.31,30.94,41.17,44.29,19.04,5.81
94,17.4,20,40.53,186.22,31,26.15,31,26.15,11.93,136.62,23987.32,92.05,115.28,264.81,36.07,24.28,13.11,32.7,41.2,47.25,11.89,8.74
95,18.02,20,41.81,195.37,29.59,29.66,29.59,29.66,6.59,157.29,17744.33,92.05,118.94,277.82,36.53,26.43,9.29,32.84,42.67,49.31,16.41,6.63
96,18.4,20,45.19,196.79,29.2,31.23,29.2,31.23,4.18,159.93,13376.72,92.05,128.53,279.83,32.22,28.6,6.75,32.84,43.57,50,19.46,5.17
97,17.97,20,50.9,162.49,34.71,21.07,34.71,21.07,14.43,68.4,23625.31,92.05,144.78,231.06,18.75,23.89,14.72,34.04,42.54,50.77,10.91,9.08
98,18.65,20,54.4,165.93,33.23,22.52,33.23,22.52,7.02,87.63,16880.78,92.05,154.75,235.94,20.97,27.81,9.71,34.36,44.15,52.58,15.71,6.47
99,19.05,20,57.09,169.54,32.63,23.15,32.63,23.15,4.46,94.32,12912.29,92.05,162.38,241.08,19.31,30.13,6.97,34.3,45.11,53.81,18.99,4.98
100,18.21,20,40.47,173.13,28.4,32.27,28.4,32.27,10.58,193.97,24765.16,92.05,115.11,246.19,42.27,23.52,12.55,35.47,43.11,47.13,8.79,8.93
101,18.83,20,45.17,172.18,28.44,31.96,28.44,31.96,6.91,178.3,19248.32,92.05,128.48,244.84,35.59,25.77,9.66,35.84,44.58,48.47,12.54,7.06
102,19.22,20,50.15,169.12,28.51,30.77,28.51,30.77,4.68,166.91,15199.05,92.05,142.65,240.49,29.48,26.93,7.41,35.91,45.5,49.27,15.46,5.62
103,18.95,20,53.35,144.7,32.98,22.01,32.98,22.01,12.91,93.13,23453.4,92.05,151.74,205.76,21.55,23.11,13.44,37.18,44.86,51.12,8.33,8.78
104,19.6,20,55.07,152.34,31.52,23.69,31.52,23.69,6.89,114.08,17997.74,92.05,156.64,216.63,23.69,26.9,9.61,37.31,46.41,53.48,12.91,6.69
105,20,20,59.3,152.92,31.37,23.67,31.37,23.67,4.37,112.08,13716.43,92.05,168.66,217.46,19.78,29.53,6.85,37.16,47.35,54.43,16.44,5.07
106,19.29,20,61.88,128.35,35.48,18.51,35.48,18.51,13.95,46.54,21783.29,92.05,176,182.51,11.07,23.29,14.22,37.78,45.67,53.55,8.42,8.85
107,20.02,20,66,131.47,34.65,19.27,34.65,19.27,7.55,54.93,16532.38,92.05,187.74,186.95,11.62,28.21,9.91,38.01,47.4,56.21,13.33,6.49
108,20.44,20,71.14,131.75,34.32,19.39,34.32,19.39,4.4,54.91,12895.03,92.05,202.34,187.35,9.81,29.1,6.74,37.73,48.4,57.36,17.37,4.66
109,19.66,20,54.85,134.79,31.03,23.53,31.03,23.53,12.19,129.62,24110.64,92.05,156.01,191.68,23.96,22.5,13.09,39.33,46.54,51.16,6.66,8.82
110,20.29,20,56.95,140.66,30.17,24.51,30.17,24.51,7.02,142.57,19191.29,92.05,161.98,200.02,24.24,26.57,9.83,39.47,48.03,53.01,10.87,6.96
111,20.68,20,60.42,141.84,29.56,25.35,29.56,25.35,4.47,148.6,14865.71,92.05,171.87,201.7,21.11,27.89,7.05,39.34,48.96,53.88,14.35,5.29
112,20.16,20,65.12,115.06,34.38,18.96,34.38,18.96,13.58,60.37,23788.47,92.05,185.25,163.61,11.92,22.46,13.76,40.24,47.72,54.36,6.92,8.76
113,20.87,20,67.28,121.43,33.29,20.2,33.29,20.2,7.58,74.73,18542.84,92.05,191.37,172.67,13.46,27.01,9.94,40.44,49.42,56.26,11.5,6.66
114,21.28,20,71.17,123.12,32.97,20.41,32.97,20.41,4.69,75.7,14429.89,92.05,202.43,175.07,11.8,28.28,7.09,40.19,50.39,57.24,15.25,4.99
115,20.4,20,68.84,110.11,36.66,16.33,36.66,16.33,14.09,35.59,22992.31,92.05,195.8,156.57,7.42,22.51,14.31,40.45,48.31,55.76,7.41,8.85
116,21.15,20,73.6,112.44,35.09,17.77,35.09,17.77,7.48,43.22,17255.05,92.05,209.36,159.88,7.99,27.85,9.75,40.57,50.07,57.43,12.64,6.34
117,21.58,20,77.93,113.47,34.55,18.16,34.55,18.16,4.57,45.06,13391.28,92.05,221.66,161.36,6.83,28.84,6.81,40.33,51.09,59.6,16.41,4.65
118,20.79,20,65.88,109.43,32.39,20.7,32.39,20.7,13.26,90.41,24607.52,92.05,187.4,155.6,13.97,21.67,13.49,42,49.22,53.67,5.92,8.76
119,21.48,20,67.75,115.95,31.27,21.99,31.27,21.99,7.45,106.63,19615.68,92.05,192.72,164.89,15.46,26.74,9.94,42.14,50.85,55.85,10.33,6.8
120,21.88,20,72,118.48,30.41,22.76,30.41,22.76,3.98,117.59,13234.82,92.05,204.8,168.48,13.18,28.7,6.26,41.65,51.8,56.85,14.95,4.65
121,21.15,20,73.26,96.74,34.82,17.46,34.82,17.46,14.44,45.99,21738.02,92.05,208.39,137.57,7.3,21.79,14.25,42.47,50.08,57.12,6.28,8.91
122,21.89,20,78.74,98.55,34.5,17.61,34.5,17.61,7.68,45.32,16439.18,92.05,223.97,140.14,7.04,27.38,9.87,42.4,51.82,59.14,11.75,6.42
123,22.33,20,82.21,101.31,33.88,18.17,33.88,18.17,4.62,51.19,13342.47,92.05,233.84,144.07,6.42,28.36,6.81,42.15,52.87,60.4,15.62,4.67
124,21.34,20,77.69,90.58,38.91,12.95,38.91,12.95,15.25,18.38,20740.11,92.05,220.98,128.81,3.25,21.44,14.99,42.51,50.51,57.83,6.74,9.1
125,22.11,20,81.34,96.09,36.16,15.74,36.16,15.74,7.33,33.3,16286.86,92.05,231.37,136.64,5.37,24.21,9.55,42.51,52.34,60.81,12.74,6.05
126,22.56,20,84.64,97.14,35.65,16.14,35.65,16.14,5.05,34.95,13725.82,92.05,240.76,138.13,4.63,24.86,7.23,42.51,53.42,61.47,15.71,4.71
127,21.72,20,74.67,91.75,33.78,18.25,33.78,18.25,13.49,74.12,22187.21,92.05,212.41,130.47,9.25,21.32,13.52,43.89,51.43,57.01,6.06,8.6
128,22.45,20,78.92,93.36,33,18.91,33,18.91,7.66,86.05,17237.05,92.05,224.47,132.75,9.54,26.05,9.84,44.08,53.15,58.42,10.54,6.53
129,22.87,20,81.97,98.12,31.96,19.99,31.96,19.99,4.14,97.7,13146.44,92.05,233.15,139.52,8.83,27.44,6.34,43.6,54.16,59.55,14.97,4.51
130,21.98,20,81.19,81.49,35.4,15.95,35.4,15.95,14.43,38.48,20167.56,92.05,230.94,115.88,5.12,20.98,14.27,44.06,52.04,58.95,6.53,8.8
131,22.74,20,85.19,85.87,34.54,16.8,34.54,16.8,7.67,41.97,14849.23,92.05,242.32,122.11,5.26,26.51,9.79,44.04,53.85,61.32,11.93,6.29
132,23.21,20,88.42,87.43,34.1,17.15,34.1,17.15,5.21,43.22,12569.51,92.05,251.51,124.33,4.68,27.37,7.4,43.97,54.94,62.15,15.06,6.91
133,22.12,20,84.7,76.97,38.95,12.07,38.95,12.07,15.24,15.46,17764.26,92.05,240.92,109.45,2.23,21.16,15.07,44.02,52.36,59.94,6.84,9.09
134,22.93,20,89.54,80.31,37.69,13.24,37.69,13.24,8,20.19,14122.14,92.05,254.7,114.21,2.73,23.55,10.16,44.01,54.28,62.92,12.67,6.25
135,23.4,20,92.5,82.73,36.87,14.02,36.87,14.02,5.24,23.95,11988.2,92.05,263.11,117.64,2.72,24.38,7.4,43.94,55.4,64.21,15.98,4.71
136,17.2,0,59.47,218,24.92,43.21,24.92,43.21,12.05,244.21,29429.69,0,169.17,310,62.12,24.17,14.64,31.89,40.71,43,11.43,10.23
137,17.87,0,64.79,218,24.23,45.15,24.23,45.15,6.81,244.02,20834.14,0,184.29,310,52.95,25.86,10.03,32.24,42.31,44.84,16.38,7.41
138,18.27,1.04,66.77,218,23.82,46.11,23.82,46.11,4.57,243.62,15716.56,4.77,189.92,310,46.32,27.17,7.56,32.35,43.25,46.21,19.29,5.91
139,18.26,0,69.4,198.21,28.94,28.59,28.94,28.59,13.03,156.89,25832.27,0,197.41,281.85,42.38,24.23,14.22,33.86,43.22,47.9,12.29,9.39
140,18.93,0,73.84,197.52,28.65,29.74,28.65,29.74,7.91,156.93,20663.17,0,210.03,280.87,38.28,26.23,10.7,34.36,44.81,49.13,15.97,7.36
141,19.34,8.85,63.54,199.91,28.6,31.55,28.6,31.55,4.26,160.3,14298.35,40.72,180.75,284.27,32.5,27.58,6.89,34.18,45.79,50.2,20.17,5.17
142,18.86,0,83.57,164.95,33.42,21.15,33.42,21.15,15.04,72.68,22628.78,0,237.7,234.56,20.01,24.14,15.39,35.43,44.64,50.91,11.24,9.4
143,19.57,1.2,85.18,168.85,32.05,22.59,32.05,22.59,7.41,91.24,17336.9,5.5,242.28,240.1,21.86,27.73,10.14,35.72,46.33,52.81,16.25,6.65
144,19.99,8.41,77.7,168.27,32.13,22.77,32.13,22.77,4.45,91.36,13242.31,38.71,221.03,239.29,18.47,28.91,6.95,35.75,47.32,53.58,19.57,4.87
145,19.06,0.1,70.7,179.69,27.1,34.89,27.1,34.89,11.8,203.12,27698.14,0.47,201.11,255.52,46.18,23.67,13.56,36.86,45.13,47.33,8.77,9.55
146,19.74,4.51,70.15,175.53,27.32,33.41,27.32,33.41,7.27,178.85,20808.69,20.76,199.53,249.61,36.65,25.82,10.14,37.26,46.74,48.6,13,7.29
147,20.15,11.72,62.97,171.54,27.45,31.62,27.45,31.62,4.85,177.46,16314.11,53.96,179.1,243.93,30.83,26.71,7.72,37.52,47.71,49.38,15.55,5.8
148,19.84,0,84.47,150.4,31.37,22.61,31.37,22.61,13.73,104.12,25240.87,0,240.26,213.87,24.41,23.36,14.2,38.6,46.98,51.51,8.63,9.22
149,20.54,8.55,74.36,153.37,31.1,23.38,31.1,23.38,7.22,111.07,18777.19,39.37,211.52,218.1,23.32,26.76,9.95,38.84,48.64,53.53,13.35,6.81
150,20.94,11.59,73.04,154.45,30.88,23.67,30.88,23.67,4.51,113.1,14860.46,53.34,207.76,219.63,20.22,27.95,7.05,38.73,49.59,54.48,16.77,5.12
151,20.2,0,96.28,128.62,35.01,17.62,35.01,17.62,15.55,36.76,22056.35,0,273.85,182.9,9.04,23.49,15.52,39.09,47.82,54.27,8.89,9.37
152,20.97,13.36,77.01,132.43,34.08,19.44,34.08,19.44,7.37,58.27,16353.65,61.5,219.04,188.31,12.19,28.44,9.81,39.64,49.64,56.42,13.7,6.43
153,21.38,12.32,83.9,132.64,33.95,19.28,33.95,19.28,4.55,54.34,12635.22,56.7,238.64,188.62,9.91,29.33,6.95,39.31,50.63,57.22,17.59,4.76
154,20.56,3.15,81.96,138.66,30.03,23.59,30.03,23.59,12.57,130.5,25160.06,14.51,233.13,197.17,25.09,23.06,13.61,40.73,48.68,51.31,7.25,9.08
155,21.22,12.87,68.17,142.84,29.47,24.99,29.47,24.99,7.19,143.88,19759.72,59.25,193.92,203.11,24.92,26.53,10.01,41.11,50.24,53.15,11.13,7.05
156,21.62,12.47,73.75,141.15,29.09,24.92,29.09,24.92,4.6,142.29,15351.01,57.42,209.77,200.71,20.61,27.79,7.23,40.95,51.18,53.65,14.65,5.34
157,21.09,3.75,90.91,119.04,33.24,19.23,33.24,19.23,14.03,65.85,21972.75,17.25,258.59,169.27,13.25,22.87,14.21,41.74,49.92,54.61,7.39,8.99
158,21.82,12.37,80.04,122.26,32.89,20.12,32.89,20.12,7.68,74.65,17843.99,56.93,227.66,173.85,13.54,25.05,10.07,42.08,51.65,56.45,11.9,6.63
159,22.23,18.63,73.38,123.07,32.92,20.37,32.92,20.37,4.79,75.35,14085.68,85.77,208.71,175,11.88,26.23,7.21,41.98,52.63,57.25,15.24,4.99
160,21.32,0,102.13,111.4,34.65,17.05,34.65,17.05,15.15,36.67,21478.18,0,290.51,158.41,7.68,22.46,15.1,41.89,50.47,56.02,7.79,9.21
161,22.09,13.82,85.35,111.3,34.61,17.73,34.61,17.73,7.09,42.03,14539.56,63.61,242.77,158.27,7.67,28.33,9.45,42.1,52.29,58.33,13.35,6.15
162,22.53,15.95,85.25,113.03,34.46,17.94,34.46,17.94,4.65,42.59,11618.91,73.39,242.48,160.73,6.48,29.32,6.91,41.98,53.33,59.4,16.59,4.69
163,21.72,11.57,79.12,111.91,31.8,20.87,31.8,20.87,13.19,94.67,20661.87,53.26,225.06,159.13,15.04,22.68,13.61,43.67,51.43,53.73,6.24,8.85
164,22.43,18.31,70.3,117.06,31.09,22.12,31.09,22.12,7.31,108.49,16566.6,84.28,199.98,166.46,15.75,24.73,9.84,43.91,53.1,55.77,10.62,6.67
165,22.83,19.63,72.53,118.7,30.39,22.76,30.39,22.76,4,116.99,12451.76,90.37,206.3,168.79,13.22,26.55,6.28,43.44,54.04,56.84,15.03,4.59
166,22.09,7.9,94.38,96.3,34.52,16.9,34.52,16.9,15.07,39.93,20840.4,36.34,268.47,136.94,6.58,21.32,14.76,44.02,52.3,57.38,6.74,9.08
167,22.83,16.58,85.03,98.15,34.42,17.42,34.42,17.42,7.66,43.22,16408.51,76.29,241.87,139.58,6.79,23.76,9.88,44.1,54.06,59.09,12.14,6.28
168,23.28,20,82.22,101.29,33.88,18.18,33.88,18.18,4.62,51.22,12644.14,92.05,233.86,144.03,6.42,24.8,6.81,43.94,55.12,60.4,15.72,4.55
169,22.26,1.87,106.88,93.19,36.53,14.25,36.53,14.25,16.29,22.67,20166.12,8.61,304.02,132.51,4.07,21.1,15.65,44.08,52.71,58.07,6.97,9.42
170,23.05,13.59,92.44,96.01,35.57,15.88,35.57,15.88,7.41,33.13,15423.46,62.53,262.93,136.53,5.35,23.66,9.68,44.16,54.57,60.83,13.01,6.07
171,23.51,15.79,92.39,96.98,35.2,16.27,35.2,16.27,4.87,35.03,11994.83,72.68,262.8,137.9,4.53,24.45,7.04,44.08,55.65,61.24,16.22,4.57
172,22.67,18.44,77.05,92.2,33.63,18.32,33.63,18.32,13.47,76.21,21837.64,84.89,219.17,131.11,9.49,21.12,13.52,45.78,53.68,56.99,6.1,8.6
173,23.4,20,78.97,93.34,33.01,18.89,33.01,18.89,7.65,85.25,17729.05,92.05,224.63,132.73,9.49,22.87,9.83,45.93,55.39,58.42,10.67,6.41
174,23.82,20,81.97,98.11,31.96,19.99,31.96,19.99,4.14,97.7,12947.11,92.05,233.16,139.52,8.83,24.29,6.34,45.41,56.4,59.55,15.07,4.41
175,22.92,13.02,93.13,81.61,35.47,15.41,35.47,15.41,14.97,33.89,20655.87,59.92,264.9,116.04,4.7,20.12,14.68,45.77,54.27,59.15,6.72,8.95
176,23.69,18.71,87.35,85.89,34.56,16.69,34.56,16.69,7.76,41.11,16749.08,86.13,248.47,122.13,5.22,22.55,9.87,45.85,56.09,61.3,12.06,6.2
177,24.15,18.37,91.36,87.31,34.12,17,34.12,17,5.23,42.02,13722.77,84.53,259.87,124.16,4.57,23.46,7.42,45.71,57.18,62.06,15.28,4.79
178,23.05,6.12,108.33,77.33,37.87,12.22,37.87,12.22,15.76,14.34,19622.3,28.15,308.14,109.96,2.18,19.78,15.51,45.53,54.57,60.19,7.36,9.21
179,23.87,14.64,99.21,79.93,37.11,13.42,37.11,13.42,7.88,20.42,15173.66,67.36,282.2,113.67,2.73,22.1,10.09,45.62,56.52,62.82,13.14,6.14
180,24.34,14.55,101.14,83.34,36.4,14.17,36.4,14.17,5.48,23.94,13008.66,66.99,287.68,118.51,2.8,23.03,7.68,45.67,57.63,64.19,15.95,4.81
181,17.2,0,59.54,218,24.95,43.02,24.95,43.02,12.02,243.58,29749.64,0,169.36,310,61.98,24.12,14.62,31.88,40.71,42.98,11.48,10.21
182,17.87,0,64.76,218,24.24,45.09,24.24,45.09,6.84,243.87,20718.78,0,184.22,310,53,25.82,10.05,32.24,42.31,44.84,16.36,7.43
183,18.27,0,68.42,218,23.72,46.62,23.72,46.62,4.57,245.04,15974.75,0,194.63,310,46.48,27.21,7.59,32.35,43.25,46.67,19.26,5.93
184,18.26,0,69.44,198.04,28.94,28.59,28.94,28.59,13.01,156.85,26187.05,0,197.53,281.62,42.35,24.16,14.21,33.86,43.22,47.9,12.27,9.38
185,18.93,0,73.83,197.53,28.65,29.74,28.65,29.74,7.91,156.95,20670.66,0,210.02,280.88,38.28,25.97,10.71,34.36,44.81,49.14,15.98,7.35
186,19.34,0,78.58,200.23,28.07,31.78,28.07,31.78,4.34,161.05,14569.59,0,223.51,284.72,32.41,27.34,7,34.04,45.79,50.17,20.48,5.19
187,18.86,0,83.51,165.14,33.41,21.18,33.41,21.18,15.02,72.93,24358.62,0,237.53,234.83,20.07,23.98,15.38,35.42,44.64,50.9,11.26,9.4
188,19.57,0,87.24,168.94,31.99,22.56,31.99,22.56,7.42,91.1,18043.06,0,248.15,240.23,21.83,27.69,10.15,35.69,46.33,52.81,16.32,6.65
189,19.99,0,92.14,168.79,31.59,22.74,31.59,22.74,4.41,92.41,13628.29,0,262.1,240.01,18.43,28.9,6.92,35.56,47.33,53.58,20.03,4.83
190,19.06,0,71,179.34,27.13,34.79,27.13,34.79,11.81,202.48,27424.36,0,201.95,255.02,45.99,23.77,13.56,36.87,45.13,47.34,8.75,9.55
191,19.75,0,77.83,174.77,27.42,32.76,27.42,32.76,7.46,181.07,21012.53,0,221.37,248.52,36.72,25.79,10.38,37.28,46.77,48.61,12.87,7.42
192,20.18,0,82.23,174.81,26.96,33.66,26.96,33.66,4.81,179.11,16306.04,0,233.9,248.58,31.31,26.99,7.7,37.19,47.77,49.45,16.39,5.75
193,19.84,0,84.46,150.42,31.37,22.61,31.37,22.61,13.73,104.13,25211.7,0,240.24,213.9,24.42,23.38,14.2,38.59,46.98,51.51,8.63,9.22
194,20.55,0,89.46,152.43,30.68,23.15,30.68,23.15,7.33,109.71,19404.19,0,254.45,216.75,22.8,27.32,10.06,38.68,48.65,53.47,13.65,6.84
195,20.95,0,93.56,153.85,30.21,23.49,30.21,23.49,4.42,112.87,13866.14,0,266.14,218.78,19.63,30,6.95,38.45,49.61,54.35,17.41,5.07
196,20.2,0,96.28,128.63,35.01,17.62,35.01,17.62,15.55,36.76,22327.37,0,273.85,182.91,9.04,23.14,15.52,39.09,47.82,54.26,8.9,9.36
197,20.98,0,99.95,133.63,33.46,19.19,33.46,19.19,7.56,56.25,16498.17,0,284.3,190.02,11.84,28.11,10.07,39.26,49.67,56.49,14.47,6.48
198,21.4,0,103.39,135.69,33.02,19.56,33.02,19.56,4.79,59.59,13539.92,0,294.09,192.95,11.07,28.86,7.3,39.12,50.67,57.35,17.86,4.93
199,20.57,0,86.87,139.6,29.92,23.54,29.92,23.54,12.48,136.65,25389.95,0,247.11,198.51,25.81,22.84,13.64,40.68,48.69,51.41,7.37,9.1
200,21.25,0,90.89,141.83,29.16,24.21,29.16,24.21,7.2,145.67,20109.93,0,258.53,201.69,24.2,26.67,10.05,40.85,50.31,53.1,11.81,7
201,21.66,0,94.65,141.68,28.92,24.27,28.92,24.27,4.98,141.24,16381.43,0,269.23,201.47,20.85,27.72,7.73,40.81,51.27,53.74,14.83,5.58
202,21.09,0,96.95,119.87,33.04,19.23,33.04,19.23,14.24,66.15,24671.77,0,275.76,170.45,13.41,22.53,14.37,41.66,49.92,54.7,7.5,9.06
203,21.83,0,101.31,122.75,32.28,19.89,32.28,19.89,7.81,73.32,19020,0,288.16,174.55,13.37,27.3,10.25,41.75,51.67,56.53,12.45,6.74
204,22.25,0,104.33,124.75,31.66,20.45,31.66,20.45,5.07,79.83,15776.36,0,296.75,177.39,12.68,28.21,7.63,41.66,52.68,57.49,15.68,5.25
205,21.32,0,102.13,111.4,34.65,17.05,34.65,17.05,15.15,36.67,23853.17,0,290.51,158.41,7.68,22.59,15.1,41.89,50.47,56.02,7.79,9.22
206,22.11,0,109.2,111.02,34.23,17.15,34.23,17.15,7.96,36.08,17487.18,0,310.62,157.87,6.7,28.06,10.33,41.83,52.34,58.95,13.55,6.52
207,22.55,0,112.51,113.32,34.03,17.28,34.03,17.28,5.34,35.74,14680.19,0,320.03,161.15,5.93,28.85,7.78,41.68,53.4,59.79,16.89,5.06
208,21.74,0,97.26,114.89,31.62,20.44,31.62,20.44,13.77,98.86,25474.19,0,276.65,163.37,16.2,22.05,14.06,43.48,51.47,54.13,6.45,9.07
209,22.47,0,102.05,117.1,30.72,21.2,30.72,21.2,7.35,110.42,19112.55,0,290.27,166.52,15.44,26.93,9.94,43.48,53.19,56.01,11.56,6.71
210,22.88,0,105.09,119.66,30.16,21.73,30.16,21.73,4.71,113.83,15258.34,0,298.94,170.16,13.85,28.11,7.21,43.24,54.17,57.04,15.06,5.11
211,22.09,0,107.56,97.17,34.33,16.59,34.33,16.59,15.71,36.54,23838.61,0,305.96,138.17,6.31,22.11,15.21,43.83,52.31,57.49,6.91,9.3
212,22.86,0,111.41,102.68,32.97,17.99,32.97,17.99,7.53,52.99,17115.29,0,316.91,146.01,8.21,27.71,9.89,43.73,54.13,59.49,12.83,6.4
213,23.32,0,115.53,103.43,32.47,18.33,32.47,18.33,4.78,56.49,13909.62,0,328.61,147.08,6.96,28.68,7.11,43.53,55.21,60.39,16.35,4.8
214,22.27,0,110.18,93.14,36.34,14.32,36.34,14.32,16.26,22.75,21504.98,0,313.41,132.44,4.07,21.54,15.66,44.02,52.71,58.06,7.08,9.42
215,23.07,0,116.49,94.62,34.54,15.88,34.54,15.88,7.91,31.11,17089.69,0,331.34,134.54,4.98,24.05,10.22,43.87,54.62,60.32,13.37,6.31
216,23.53,0,119.37,96.94,33.96,16.42,33.96,16.42,5.37,33.39,14189.4,0,339.55,137.84,4.33,24.98,7.7,43.8,55.72,61.36,16.5,4.89
217,22.71,0,107.91,93.96,33.18,17.6,33.18,17.6,13.5,83.4,23036.93,0,306.94,133.61,10.36,21.75,13.82,45.38,53.78,57.14,6.89,8.72
218,23.46,0,112.52,95.06,32.68,17.94,32.68,17.94,8.1,84.62,18411.94,0,320.05,135.18,9.74,25.94,10.34,45.54,55.55,58.47,11.3,6.72
219,23.89,0,116.54,98.05,31.56,18.99,31.56,18.99,4.3,102.21,13369.99,0,331.5,139.43,8.76,27.44,6.55,45.01,56.57,59.65,15.87,4.57
220,22.94,0,116.36,81.18,35.61,14.31,35.61,14.31,15.44,24.73,20041.22,0,330.98,115.44,3.73,21.17,15.22,45.3,54.31,59.3,7.45,9.15
221,23.75,0,120,88.22,34.36,15.67,34.36,15.67,7.44,33.43,15576.78,0,341.33,125.46,4.69,23.9,9.78,45.09,56.23,61.98,13.76,6.06
222,24.23,0,120,92.73,33.82,16.38,33.82,16.38,5.9,36.37,14369.26,0,341.33,131.87,4.6,24.81,8.27,45.44,57.36,64.24,15.56,5.22
223,23.05,0,118.73,77.68,37.4,12.28,37.4,12.28,15.98,13.85,19523.5,0,337.71,110.46,2.16,20.79,15.7,45.36,54.58,60.32,7.57,9.31
224,23.91,0,120,87.29,35.17,14.83,35.17,14.83,8.34,25.72,16429.42,0,341.33,124.13,3.81,23.49,10.59,45.5,56.61,65.31,13.16,6.46
225,24.41,0,120,92.14,33.99,16.18,33.99,16.18,6.22,33.02,14907.88,0,341.33,131.03,4.47,24.55,8.62,45.85,57.79,67.92,15.26,5.4
226,18.02,20,23.51,218,24.5,48.4,24.5,48.4,13.61,279.48,32548.23,92.05,66.89,310,69.02,23.91,15.77,34.07,42.66,51.99,8.92,11.23
227,18.81,20,28.1,218,24.56,48.16,24.56,48.16,8.7,261.91,24585.59,92.05,79.94,310,60.04,24.68,11.93,34.7,44.53,52.14,13.33,8.74
228,19.27,20,32.68,218,24.05,48.7,24.05,48.7,5.16,262.96,17120.26,92.05,92.97,310,50.87,26.13,8.16,34.72,45.62,53.37,17.48,6.42
229,19.26,20,28.63,218,28.76,35.71,28.76,35.71,13.93,190.3,28548.37,92.05,81.45,310,53.36,24.12,14.7,35.44,45.6,53.09,12.39,9.9
230,20,20,33.28,218,28.86,35.34,28.86,35.34,8.43,180.86,21659.13,92.05,94.68,310,47.71,25.61,11.03,35.92,47.34,53.39,16.42,7.72
231,20.48,20,37.15,218,27.82,37.83,27.82,37.83,4.93,192.09,15744.56,92.05,105.68,310,42.04,27.09,7.68,36.07,48.48,55.27,19.79,5.81
232,20.09,20,37.66,198.62,32.14,25.61,32.14,25.61,15.25,121.26,26728.07,92.05,107.11,282.44,35.58,24,14.99,37.1,47.57,56.55,12.49,9.52
233,20.88,20,40.08,205.98,30.66,27.61,30.66,27.61,7.77,141.87,19640.82,92.05,113.99,292.9,36.88,26.44,10.37,37.36,49.43,59.23,17.38,7.05
234,21.36,20,41.67,210.17,30.35,29.08,30.35,29.08,5.74,145.15,16601.38,92.05,118.52,298.87,34.81,27.54,8.46,37.51,50.57,60.06,19.86,5.96
235,20.05,20,23.5,218,24.53,48.27,24.53,48.27,13.7,278.61,32926.51,92.05,66.85,310,68.94,23.88,15.81,37.91,47.48,51.91,8.9,11.24
236,20.84,20,29.37,213.79,24.98,46.58,24.98,46.58,8.73,253.21,24894.43,92.05,83.53,304.01,58.07,24.56,11.89,38.62,49.34,52.53,13.03,8.69
237,21.3,20,32.78,217.19,24.15,48.33,24.15,48.33,5.26,261.13,17578.37,92.05,93.24,308.85,50.83,26.22,8.28,38.44,50.44,53.55,17.29,6.49
238,21.15,20,39.12,179.88,30.44,27.42,30.44,27.42,14.71,149.02,27303.19,92.05,111.27,255.8,38.65,23.12,14.52,40.75,50.08,57.2,8.88,9.76
239,21.88,20,41.89,182.88,29.31,30.38,29.31,30.38,8.22,163.08,21576.27,92.05,119.16,260.05,38.12,25.45,10.78,41.19,51.81,58.81,12.85,7.64
240,22.37,20,44.47,185.03,28.75,32.12,28.75,32.12,5.58,168.1,17335.66,92.05,126.5,263.11,34.56,27.14,8.33,41.3,52.96,59.72,15.83,6.19
241,21.77,20,47.3,160.96,33.22,22.66,33.22,22.66,15.73,95.18,26214.8,92.05,134.55,228.88,25.31,22.77,14.92,42.23,51.54,61.05,8.47,9.59
242,22.59,20,52.97,160.21,32.48,23.12,32.48,23.12,7.91,101.01,19674.74,92.05,150.68,227.82,23.6,26.53,10.41,42.59,53.49,63.17,13.36,7.03
243,23.08,20,53.54,165.55,32.05,23.73,32.05,23.73,6.06,107.08,17545.7,92.05,152.29,235.41,23.68,28,8.82,42.77,54.65,64.7,15.6,6.15
244,21.85,20,38.29,172.53,27.95,34.9,27.95,34.9,13.04,209.79,27696.76,92.05,108.92,245.33,45.57,22.73,13.87,43.16,51.73,56.56,6.71,9.86
245,22.59,20,42.91,169.29,28.1,33.76,28.1,33.76,8.75,196.36,22588.07,92.05,122.06,240.73,39.6,24.77,11.27,43.87,53.47,58.01,9.79,8.18
246,23.08,20,47.31,168.93,27.69,34.33,27.69,34.33,5.54,194.93,17654.9,92.05,134.57,240.22,33.58,27.05,8.48,43.82,54.65,59.04,13.42,6.41
247,22.68,20,49.11,149.35,31.96,23.4,31.96,23.4,15.31,113.35,25599.76,92.05,139.7,212.37,26.32,22.41,14.52,44.98,53.69,61.16,6.61,9.61
248,23.46,20,52.51,151.77,30.76,24.54,30.76,24.54,8.33,128.73,20193.95,92.05,149.35,215.82,26.71,25.86,10.83,45.35,55.53,63.45,10.82,7.51
249,23.95,20,54.45,154.75,30.33,25,30.33,25,5.92,133.47,17267.23,92.05,154.89,220.06,25.13,27.69,8.71,45.45,56.71,65.05,13.58,6.27
250,23.11,20,59.36,129.2,35.21,18.93,35.21,18.93,16.51,53.17,24750.16,92.05,168.86,183.72,12.63,22.03,15.35,45.8,54.72,64.45,6.72,9.58
251,23.97,20,61.41,134.66,34,20.26,34,20.26,9.28,69.41,18993.68,92.05,174.69,191.48,15.12,26.22,11.27,46.26,56.75,66.75,11.12,7.37
252,24.5,20,64.69,136.87,33.32,20.87,33.32,20.87,5.72,76.47,15121.69,92.05,184.01,194.63,14.79,29.07,8.27,46.16,57.99,68.02,14.7,5.71
253,23.33,20,48.28,145.41,29.77,27.91,29.77,27.91,13.92,169.25,26582.44,92.05,137.34,206.78,31.68,21.83,13.92,47.03,55.24,61.07,5.28,9.59
254,24.08,20,50.32,149.15,28.76,30.45,28.76,30.45,8.4,185.49,22158.34,92.05,143.14,212.09,31.87,24.9,11,47.46,57,62.76,8.84,7.9
255,24.55,20,53.39,150.54,28.16,31.35,28.16,31.35,5.5,191.81,17595.79,92.05,151.85,214.07,28.49,27.64,8.38,47.4,58.13,63.64,12.14,6.31
256,23.93,20,60.26,121.87,33.47,20.35,33.47,20.35,15.29,79.01,25260.07,92.05,171.42,173.3,15.68,21.73,14.4,48.17,56.66,64.36,5.68,9.3
257,24.76,20,60.94,129.21,32.06,22.01,32.06,22.01,9.06,100.14,20290.75,92.05,173.34,183.73,18.74,25.74,11.23,48.64,58.63,66.93,9.46,7.58
258,25.27,20,65.28,129.49,31.71,22.17,31.71,22.17,5.61,101.15,15608.08,92.05,185.68,184.14,16.64,29.1,8.25,48.43,59.84,68.04,13.21,5.86
259,24.24,20,65.67,113.1,35.52,17.73,35.52,17.73,16.16,44.31,24115.48,92.05,186.78,160.83,9.25,21.43,15.14,48.51,57.38,66.61,6.04,9.43
260,25.13,20,69.81,114.35,34.71,18.4,34.71,18.4,9.41,50.7,19076.8,92.05,198.58,162.61,9.65,26.29,11.28,48.96,59.5,70.05,10.44,7.27
261,25.68,20,74.31,114.7,34.65,18.27,34.65,18.27,6.15,47.17,15642.76,92.05,211.38,163.11,8.34,27.09,8.56,48.77,60.79,71.08,14.14,5.64
262,24.54,20,60.6,117.37,31.64,21.99,31.64,21.99,14.84,115.84,26241.67,92.05,172.38,166.9,17.96,20.91,14.16,49.94,58.09,63.89,4.72,9.31
263,25.32,20,62.26,122.18,30.69,23.05,30.69,23.05,8.87,135.09,21846.4,92.05,177.09,173.74,19.96,24.74,11.22,50.36,59.95,66.18,8.33,7.68
264,25.83,20,65.99,122.74,30.24,23.36,30.24,23.36,5.79,136.99,16990.04,92.05,187.7,174.54,17.83,28.17,8.51,50.23,61.16,67.2,11.78,6.09
265,24.99,20,68.19,104.24,34.07,18.73,34.07,18.73,15.57,62.31,24412.44,92.05,193.96,148.23,10.34,20.98,14.6,50.56,59.17,67.86,5.3,9.24
266,25.86,20,70.26,108.84,33.51,19.37,33.51,19.37,9.67,68.58,19944.4,92.05,199.86,154.77,11.2,25.18,11.45,51.04,61.22,69.87,9.17,7.47
267,26.4,20,74.54,109.11,32.88,19.82,32.88,19.82,6.01,74.04,16062.72,92.05,212.03,155.15,10.63,26.19,8.47,50.85,62.51,71.18,12.94,5.72
268,25.23,20,72.24,97.78,36.89,15.48,36.89,15.48,17.02,32.87,24047.88,92.05,205.48,139.05,5.84,20.45,15.58,50.8,59.73,68.65,5.37,9.58
269,26.13,20,75.56,101.6,34.91,17.45,34.91,17.45,9.34,43.71,18365.69,92.05,214.94,144.48,7.4,25.88,11.16,51.09,61.86,72.13,10.28,7.14
270,26.68,20,78.71,101.88,34.7,17.53,34.7,17.53,6.76,43.57,16246.97,92.05,223.89,144.87,6.93,26.65,9.09,51.23,63.17,72.93,12.98,5.92
271,18.79,0,56.48,218,23.99,48.69,23.99,48.69,14.48,269.89,33409.73,0,160.65,310,68.29,24.22,16.27,35.4,44.48,52.3,8.96,11.44
272,19.61,0,61.27,218,23.81,48.42,23.81,48.42,8.95,260.43,25299.81,0,174.27,310,60.01,24.99,12.27,36.03,46.43,52.38,13.51,8.89
273,20.11,0.3,64.44,218,23.17,50.89,23.17,50.89,5.91,262.17,18960.81,1.39,183.3,310,52.79,26.24,9.08,36.25,47.61,55.25,16.91,6.95
274,20.02,0,61.14,218,27.32,36.41,27.32,36.41,14.41,197,29783.39,0,173.91,310,54.9,23.97,15.27,36.82,47.41,53.68,12.12,10.22
275,20.81,0,65.36,218,27.39,36.9,27.39,36.9,9.32,187.96,23589.66,0,185.91,310,49.88,25.44,12.02,37.44,49.28,54.32,15.74,8.28
276,21.33,0.02,69.11,218,26.37,39.45,26.37,39.45,5.8,198.24,17521.42,0.1,196.57,310,44.29,26.71,8.73,37.65,50.51,56.58,19.08,6.39
277,20.91,0,67.92,207.88,30.28,26.78,30.28,26.78,15.77,136.99,28352.74,0,193.19,295.61,40.17,24.23,15.7,38.1,49.51,57.4,13.13,9.9
278,21.74,0,69.55,215.84,28.7,31.38,28.7,31.38,8.45,160.08,21371.04,0,197.83,306.92,42.34,26.16,11.19,38.49,51.47,59.26,17.67,7.54
279,22.27,2.92,69.14,213.49,29.03,30.49,29.03,30.49,5.98,152.81,17357.67,13.43,196.66,303.59,36.33,27.44,8.84,38.82,52.73,60.05,20.22,6.15
280,20.82,0,56.58,218,23.96,48.74,23.96,48.74,14.23,270.83,33503.62,0,160.93,310,68.27,24.23,16.16,39.22,49.3,52.31,9.07,11.38
281,21.64,0,61.96,215.25,24.1,47.41,24.1,47.41,9.1,254.42,25496.12,0,176.24,306.08,58.95,24.87,12.36,39.91,51.24,52.56,13.19,8.93
282,22.14,0.3,64.44,218,23.17,50.89,23.17,50.89,5.91,262.17,19381.86,1.39,183.3,310,52.83,25.98,9.08,39.92,52.43,55.25,16.91,6.94
283,21.97,0,69.88,186.74,28.52,30.08,28.52,30.08,14.75,165.6,28764.91,0,198.78,265.54,43.12,23.43,15.03,41.89,52,57.23,9.36,10.08
284,22.74,1,69.98,191.48,27.56,33.27,27.56,33.27,9.15,177.94,23530.87,4.59,199.05,272.28,42.96,25.39,11.77,42.43,53.84,58.69,12.95,8.24
285,23.29,0.29,75.49,190.65,27.61,33.28,27.61,33.28,6.36,171.57,19060.79,1.33,214.72,271.1,36.97,26.19,9.27,42.56,55.13,60.16,16.16,6.64
286,22.64,0,80.02,164.03,32.13,22.57,32.13,22.57,16.59,96.51,27448.58,0,227.6,233.25,25.98,23.03,15.83,43.46,53.59,61.26,8.9,10.01
287,23.5,0.11,84.44,165.58,31.26,23.3,31.26,23.3,8.8,105.43,20905.83,0.51,240.19,235.46,25.32,26.22,11.28,43.82,55.63,63.42,13.77,7.45
288,24.02,9.75,70.78,166.17,31.54,23.57,31.54,23.57,6.29,106.45,17526.14,44.86,201.34,236.29,23.58,27.1,9.07,44.28,56.87,64.73,15.93,6.21
289,22.66,0,70.6,175.01,26.96,36.5,26.96,36.5,13.44,212.98,29135.41,0,200.81,248.86,47.17,22.94,14.4,44.46,53.65,56.55,6.98,10.15
290,23.46,0.91,73.81,172.04,27.19,34.57,27.19,34.57,9.44,194.67,24615.22,4.19,209.96,244.64,40.84,24.63,12.01,45.23,55.55,57.93,10.04,8.55
291,24.01,8.77,64.97,172.65,26.72,36.25,26.72,36.25,5.77,196.06,18671.95,40.37,184.8,245.5,34.95,26.6,8.82,45.24,56.84,59.08,13.84,6.56
292,23.54,0,81.87,151.86,30.85,23.3,30.85,23.3,16.04,114.98,26685.86,0,232.87,215.94,27.05,22.48,15.26,46.27,55.73,61.55,7.04,9.95
293,24.37,0.25,84.34,155.29,29.51,24.65,29.51,24.65,9.07,133.19,21880.68,1.13,239.9,220.82,28.37,25.44,11.64,46.7,57.7,63.98,11.14,7.92
294,24.9,14.82,63.5,154.77,30.03,24.94,30.03,24.94,5.86,133.54,17303.7,68.22,180.63,220.09,24.82,26.76,8.65,47.07,58.95,65.04,13.97,6.18
295,24.01,0,92.48,130.83,34.13,18.75,34.13,18.75,17.61,53.67,25020.02,0,263.06,186.04,12.92,22.15,16.2,47.16,56.84,64.41,7.06,9.97
296,24.91,6,84.73,136.64,32.94,20.46,32.94,20.46,9.02,74.33,19980.3,27.6,241.02,194.3,16.05,26.28,11.21,47.63,58.97,66.85,11.93,7.3
297,25.44,11.54,78.03,139.44,32.75,21.01,32.75,21.01,5.86,79.18,16747.35,53.11,221.96,198.28,15.47,27.33,8.47,47.69,60.23,68.26,15.05,5.75
298,24.22,0,79.71,151.44,28.73,29.13,28.73,29.13,14.39,173.18,28069.08,0,226.73,215.35,33.93,22.26,14.59,48.24,57.34,61.18,5.94,9.93
299,25,5.08,75.1,151.66,28.21,30.3,28.21,30.3,8.46,181.52,22462.99,23.38,213.63,215.66,32.09,25.01,11.21,48.77,59.2,62.86,9.67,7.94
300,25.5,17.14,58.51,151.09,28.13,30.58,28.13,30.58,5.44,184.77,17572.94,78.88,166.44,214.85,27.99,27.42,8.32,49.02,60.36,63.59,12.57,6.23
301,24.84,0,91.76,126.47,31.86,20.89,31.86,20.89,16.13,89.63,24920.47,0,261,179.83,17.97,21.87,15.13,49.59,58.8,64.77,5.96,9.71
302,25.7,7.75,82.27,128.4,31.6,21.58,31.6,21.58,9.35,96.44,20013.5,35.69,234.02,182.58,18.07,25.53,11.5,50.17,60.85,67,9.9,7.65
303,26.22,15.93,72,130.07,31.52,22.12,31.52,22.12,5.68,100.9,16239.38,73.34,204.81,184.96,16.72,26.95,8.34,50.13,62.08,68.16,13.43,5.83
304,25.14,1.01,97.67,114.26,34.85,17.16,34.85,17.16,17.84,37.27,22627.81,4.64,277.82,162.48,8.18,21.8,16.34,49.8,59.53,67.47,6.39,9.96
305,26.08,13.09,81.46,114.4,34.18,18.47,34.18,18.47,9.45,53.11,17636.82,60.24,231.71,162.68,10.04,26.57,11.38,50.67,61.74,70.08,10.6,7.32
306,26.62,15.42,82.03,114.92,34.44,18.18,34.44,18.18,6.27,46.47,14351.05,70.98,233.32,163.41,8.29,27.46,8.7,50.45,63.03,71.12,14.25,5.71
307,25.45,5.29,84.36,120.16,31.03,21.76,31.03,21.76,15.27,115.71,24810.43,24.34,239.96,170.87,18.87,21.58,14.61,51.4,60.26,63.97,5.15,9.55
308,26.27,16.15,67.93,124.07,30.49,23.1,30.49,23.1,9.04,134.64,20333.13,74.31,193.23,176.43,20.51,25.23,11.39,52.12,62.19,66.14,8.4,7.79
309,26.78,19.43,66.87,123.12,30.22,23.36,30.22,23.36,5.78,135.74,16438.08,89.45,190.2,175.07,17.85,26.73,8.5,52.03,63.4,67.18,11.91,6.04
310,25.92,2.19,97.29,106.61,33.26,18.46,33.26,18.46,16.77,60.7,22086.44,10.06,276.74,151.6,10.67,21.41,15.44,52,61.36,67.95,5.59,9.66
311,26.8,12.02,84.03,108.78,33.13,19.19,33.13,19.19,9.76,67.45,18708.41,55.35,239.01,154.69,11.19,23.57,11.58,52.65,63.45,69.84,9.57,7.45
312,27.35,18.72,76.59,109.32,32.83,19.79,32.83,19.79,6.07,73.78,15534.85,86.16,217.85,155.45,10.66,24.61,8.54,52.65,64.75,71.19,12.99,5.7
313,26.14,0,105.35,99.47,34.72,16.39,34.72,16.39,17.93,35.06,24145.56,0,299.67,141.45,6.38,20.72,16.22,52.15,61.88,68.82,5.84,9.87
314,27.07,14.43,85.16,101.39,34.58,17.39,34.58,17.39,9.56,42.45,18116.22,66.42,242.24,144.18,7.24,25.68,11.38,52.79,64.09,72.57,10.41,7.23
315,27.63,16.03,85.55,101.87,34.44,17.52,34.44,17.52,6.84,42.85,15618.54,73.79,243.34,144.86,6.83,26.58,9.18,52.93,65.41,72.81,13.13,5.95
